Date,24h Average,12h Average,Last,Volume (BTC)
2014-04-15,6762.23,6864.03,7500.0,10.54
2014-04-16,6900.09,6892.85,7128.84,11.77
2014-04-17,7126.44,6917.98,6985.55,5.76
2014-04-18,6909.36,6874.22,6679.72,3.7
2014-04-19,6889.9,6889.71,7041.87,1.53
2014-04-20,6966.22,6950.73,6917.2,2.64
2014-04-21,6837.56,6767.9,6850.11,4.01
2014-04-22,6800.8,6767.22,6827.42,15.6
2014-04-23,6710.96,6651.25,6829.96,10.22
2014-04-24,6881.33,6849.45,6876.05,7.1
2014-04-25,6215.48,6146.58,7277.72,13.85
2014-04-26,6683.85,6847.15,6754.2,4.77
2014-04-27,6474.25,6364.36,6205.12,4.19
2014-04-28,5961.84,5899.08,6842.07,15.56
2014-04-30,6180.77168057,6249.27649567,6792.8,14.01
2014-05-01,6255.22746216,6291.62939185,6354.88,21.01
2014-05-02,6169.39974537,6081.39889095,6217.34,13.74
2014-05-05,5984.26545721,5987.68255535,6800.0,3.0
2014-05-06,5739.56353632,5691.28524221,5861.4,13.03
2014-05-07,5884.75152041,5870.07838095,6063.45,10.47
2014-05-08,6092.0045898,6092.3766225,5983.22,5.38
2014-05-10,6248.93602586,6514.49287508,6111.83,3.13
2014-05-11,5969.95605761,5941.03914715,5944.34,2.82
2014-05-12,5706.21647611,5677.60794411,5943.55,9.86
2014-05-13,5962.22958295,5892.74413539,6041.4,10.72
2014-05-14,5778.91557232,5758.04428977,7029.11,14.08
2014-05-15,6110.28727717,6177.37352679,5716.96,7.73
2014-05-16,5923.70541403,5866.22658809,6267.44,7.6
2014-05-19,5819.34091559,5819.34091559,6002.43,10.52
2014-05-20,6325.10714567,6446.2310502,6663.96,9.96
2014-05-21,6515.25166485,6497.20867463,6632.88,9.26
2014-05-22,6686.21538349,6694.79101472,6983.67,9.0
2014-05-23,6899.8546845,6874.50789055,7012.02,12.83
2014-05-24,6942.17763371,6892.38456085,6881.05,9.56
2014-05-25,6975.26814668,7121.99292972,7584.71,4.1
2014-05-26,7597.23957452,7603.35428897,7621.12,7.93
2014-05-27,7728.69419215,7719.27256484,7626.23,10.39
2014-05-28,7597.62019579,7603.16340902,7547.47,33.82
2014-05-29,7504.8533254,7510.25154451,7538.28,31.47
2014-05-31,8229.3855911,8301.79201683,8357.87,3.34
2014-06-02,8462.69969314,8454.46966812,9813.18,10.4
2014-06-03,8944.28908232,9021.97560215,9223.39,6.53
2014-06-04,8713.31480878,8630.97955324,8700.3,13.47
2014-06-05,8641.9830644,8561.53296563,8835.87,9.28
2014-06-06,8748.96402173,8681.73918332,8822.62,6.44
2014-06-07,8782.80114257,8762.97297141,8813.95,4.0
2014-06-08,8965.31705089,9071.03,9071.03,1.17
2014-06-09,8921.35362063,8917.46023551,10250.0,3.41
2014-06-10,8884.32320983,9030.30874729,8778.37,5.09
2014-06-11,8884.32320983,9030.30874729,8778.37,5.09
2014-06-12,8260.34563639,8187.88340808,8124.7,6.56
2014-06-13,7755.86290782,7714.73085781,7616.61,9.57
2014-06-14,7628.94661159,7447.43587332,7421.96,1.56
2014-06-15,7543.43029318,7415.29825149,7594.59,1.76
2014-06-16,7723.36318346,7719.76896793,7597.55,5.33
2014-06-17,7719.45998659,7753.58822936,7645.06,4.7
2014-06-18,8066.9702453,8077.59735068,8150.24,4.31
2014-06-19,8111.18523994,8098.36064193,8358.9,13.52
2014-06-20,7824.65752786,7744.67573547,7724.51,7.07
2014-06-21,7840.25049931,7992.82292113,8475.71,4.38
2014-06-22,7867.939709,7904.57571924,7988.44,2.62
2014-06-23,7770.47753285,7852.15104653,7796.58,4.16
2014-06-24,8084.06702241,8044.82642766,8169.78,6.37
2014-06-25,7707.18035199,7650.10360585,7648.83,7.53
2014-06-26,7833.63209973,7849.12468961,8383.35,3.84
2014-06-27,7840.09155643,7874.962981,7967.2,6.63
2014-06-28,8103.54244869,7987.17895471,7982.67,0.86
2014-06-30,8241.37975821,8235.22013258,8231.73,6.25
2014-07-01,8465.27955906,8430.19984604,8368.66,8.42
2014-07-02,8594.1245064,8609.27089998,8560.02,8.29
2014-07-03,8469.89857134,8418.79174339,8573.84,4.96
2014-07-04,8343.03132991,8249.54898264,8306.9,7.35
2014-07-05,8647.30051192,8690.36037002,9084.93,1.65
2014-07-06,8256.03451123,0.0,8535.0,0.61
2014-07-07,8246.75407226,8246.75407226,8369.29,5.29
2014-07-08,8324.52350612,8289.41234955,8348.09,4.51
2014-07-09,8525.69719446,8330.79231958,8599.54,3.87
2014-07-10,8134.76825674,8065.25072989,8219.37,5.9
2014-07-11,8333.94129641,8358.48348322,8344.38,5.45
2014-07-12,8428.28534245,8475.03253027,8460.36,4.73
2014-07-13,8621.35975884,8713.52101812,8985.96,1.6
2014-07-14,8383.80613558,8384.16129198,8252.72,5.97
2014-07-15,8232.57566695,8226.97814633,8242.8,9.45
2014-07-16,8120.5044622,8049.0668693,8083.68,4.76
2014-07-17,8257.50577753,8343.34089684,7943.54,3.28
2014-07-18,8242.18926057,8613.35707798,8432.11,7.76
2014-07-19,8575.74321265,8967.15379253,9416.13,2.73
2014-07-20,8989.80575372,8999.38846198,8146.0,1.03
2014-07-21,8312.21323175,8366.65296809,9367.73,5.12
2014-07-22,8226.79988005,8254.01053044,9764.65,9.75
2014-07-24,8001.92345237,7971.6040435,7880.22,7.07
2014-07-25,7968.23190056,7966.83603884,7968.13,13.5
2014-07-26,7927.27592646,7939.95793758,7835.56,4.14
2014-07-27,7881.04419363,7856.79126764,7821.23,7.38
2014-07-28,7742.00956809,7713.34978147,7832.9,12.96
2014-07-29,7789.17529546,7756.08473077,7440.48,3.38
2014-07-30,7811.41190651,7784.69486893,8699.86,9.11
2014-07-31,7737.43435918,7917.65859606,8695.65,3.56
2014-08-02,8036.56269878,8031.41478729,9174.31,4.88
2014-08-04,,7848.06869772,7846.72,2.51
2014-08-06,7796.95358472,7796.19877891,7739.94,10.72
2014-08-07,7752.80054457,7736.05189046,8045.05,10.42
2014-08-08,7820.21520546,7757.38310979,7952.29,7.07
2014-08-09,7944.86214063,7921.83639292,7911.39,2.51
2014-08-10,7958.90003497,7968.77276113,7902.02,1.92
2014-08-11,7776.57853969,7776.57853969,7697.95,5.43
2014-08-12,7728.59211392,7672.5801143,8766.16,14.35
2014-08-13,7365.82979577,7277.05461829,7338.91,9.44
2014-08-14,6921.57294253,6788.02495557,6756.76,4.81
2014-08-15,6690.31524398,6589.96615878,6456.24,4.32
2014-08-16,6670.0435165,6699.0154225,6640.11,5.63
2014-08-17,6647.06637464,6583.30434547,6483.6,4.4
2014-08-18,6355.8372894,6301.96813368,6109.48,10.08
2014-08-19,6441.18772477,6470.40777684,6468.31,9.02
2014-08-20,6640.69337813,6655.5673137,6567.43,17.15
2014-08-21,6903.81571284,6952.27633272,6865.77,12.19
2014-08-22,6782.82628859,6821.15342849,6993.01,27.17
2014-08-23,6742.28130392,6708.4447118,6597.39,2.64
2014-08-24,6784.95126064,6856.62095155,6720.43,2.95
2014-08-25,6689.7844139,6678.52922203,6666.67,6.96
2014-08-26,6629.13829998,6756.96785081,6724.95,14.26
2014-08-27,6749.82665229,6755.67396263,6756.76,12.22
2014-08-28,6727.62374792,6716.44716185,6636.72,12.5
2014-08-29,6680.70552222,6669.38117516,6623.03,7.26
2014-08-30,6738.21494439,6748.5697842,6575.34,15.73
2014-08-31,6635.08497559,6452.86185347,8000.0,3.46
2014-09-01,6409.50870651,6408.20469577,6585.88,12.56
2014-09-03,6272.90824563,6241.84029777,6250.0,16.34
2014-09-04,6360.17413768,6407.03571225,6345.18,15.66
2014-09-06,6308.63730757,6321.49627525,6297.23,7.76
2014-09-08,6183.9539784,6171.85950017,6369.43,26.78
2014-09-10,6340.77309779,6337.52589216,6309.15,16.43
2014-09-11,6339.4079942,6313.80037884,6531.68,10.41
2014-09-12,6344.44120706,6334.41147922,7155.83,9.39
2014-09-13,6535.46384937,6466.43498539,6451.61,8.4
2014-09-14,6438.75555303,6419.31618191,6505.58,2.95
2014-09-15,6345.31522013,6331.43633593,6349.21,6.71
2014-09-16,6428.71890128,6480.4674498,6793.48,5.97
2014-09-17,6159.61455196,6150.64527726,6095.33,17.18
2014-09-18,5928.5483094,5875.24782721,5558.99,27.77
2014-09-20,5478.27087517,5633.87231083,5427.41,8.57
2014-09-21,5586.90888646,5484.66393057,5482.46,6.67
2014-09-22,5368.29954777,5360.2697219,5519.98,15.66
2014-09-23,5430.61952999,5408.24006448,5478.82,25.25
2014-09-24,5777.12532395,5862.48031545,5797.1,10.07
2014-09-25,5688.64470145,5650.01463061,5643.34,27.06
2014-09-26,5459.17989341,5443.05012328,5238.0,14.4
2014-09-27,5526.95072367,5559.73184463,5464.48,5.03
2014-09-29,5229.38132062,5229.38132062,5162.24,5.1
2014-09-30,5136.26167309,5165.13814433,5529.75,20.78
2014-10-01,5363.80010389,5345.43599689,5535.06,15.8
2014-10-02,5161.40876426,5132.43654096,5132.58,23.42
2014-10-04,4819.84545394,4771.60886401,4903.5,12.68
2014-10-05,4324.16923807,4204.41651002,4442.13,7.26
2014-10-06,4603.18691847,4580.65741183,4511.47,19.29
2014-10-08,4852.60768666,4994.58722332,5227.78,31.34
2014-10-09,5192.37293082,5237.74926445,5275.97,10.91
2014-10-10,5108.43926723,5073.23962942,5008.35,14.95
2014-10-11,5041.17005236,5015.61226899,5896.23,9.87
2014-10-12,5204.98858052,5265.89119281,5274.26,4.27
2014-10-13,5132.05059196,5122.40489441,5263.16,12.53
2014-10-14,5548.48690755,5566.74275329,5847.95,20.25
2014-10-15,5401.23958424,5376.04083343,5376.34,31.86
2014-10-16,5210.73984447,5240.78981373,5254.52,38.15
2014-10-18,5243.70966821,5170.63,5170.63,8.51
2014-10-22,5325.66816127,5371.84703355,5267.32,15.38
2014-10-23,5153.28769712,5080.96684416,5988.02,7.35
2014-10-24,4987.17692372,4978.93191997,4916.42,12.02
2014-10-25,4954.41591536,5077.35674332,5115.96,5.18
2014-10-26,4934.22275135,5013.52804074,4838.71,2.01
2014-10-27,4871.64585524,4872.7854307,4880.43,11.24
2014-10-28,4950.59190968,4973.97285246,4998.33,19.06
2014-10-29,4879.92006952,4785.5679034,4734.85,15.25
2014-10-30,4725.96857619,4690.2183397,4626.87,9.1
2014-10-31,4740.43284513,4738.9892472,4788.13,10.22
2014-11-01,4604.83204268,4474.14483646,4500.82,10.88
2014-11-02,4506.33560803,4461.28689156,4458.31,6.34
2014-11-03,4498.47826774,4499.35452889,4540.87,10.11
2014-11-04,4564.80694192,4596.83881132,5347.59,11.82
2014-11-05,4765.34055608,4862.03630649,4828.59,7.32
2014-11-06,4843.56065368,4856.69074128,4938.27,11.51
2014-11-07,4862.61327338,4782.31546655,4830.92,13.83
2014-11-09,4679.80159826,5003.9410862,5025.13,9.15
2014-11-10,5143.41152365,5150.25263851,5108.56,9.74
2014-11-12,5627.2408185,5736.24684282,5305.04,10.41
2014-11-13,5760.65522799,5739.88712968,5737.23,14.55
2014-11-14,5742.01111309,5609.78256613,5220.0,17.21
2014-11-15,5494.90045331,5307.43877816,5245.9,10.65
2014-11-16,5633.25964509,5555.00610257,5807.2,4.19
2014-11-17,5695.07207555,6057.49637577,5925.93,1.4
2014-11-18,5695.07207555,6057.49637577,5925.93,1.4
2014-11-19,5695.07207555,6057.49637577,5925.93,1.4
2014-11-20,5057.13210597,4994.06292318,4975.12,11.87
2014-11-22,4966.91417102,5074.85914064,5813.95,8.17
2014-11-24,5291.65782364,5265.3442634,4798.08,15.44
2014-11-26,5171.22099949,5175.9369772,6195.09,13.49
2014-11-27,5207.19902079,5163.11812459,5291.01,20.71
2014-11-28,5310.59963102,5301.611318,5483.46,12.74
2014-11-29,5566.21932959,5682.11091942,6097.56,3.65
2014-11-30,5409.78031444,5460.46419607,5430.06,5.83
2014-12-01,5453.36995788,5447.26285892,6294.59,7.74
2014-12-03,5503.38848778,5441.04769969,5966.59,18.2
2014-12-05,5401.26440965,5398.47973537,5484.46,7.94
2014-12-06,5519.87967733,5451.36879996,5521.81,9.79
2014-12-07,5688.74429681,5578.01754193,5724.1,2.21
2014-12-08,5501.21875651,5442.73425421,5501.56,7.22
2014-12-09,5223.32769871,5133.96244576,5085.56,19.66
2014-12-10,5195.50344011,5159.19804267,5208.33,10.89
2014-12-12,5314.70938177,5306.58179762,5446.62,10.94
2014-12-13,5345.9842566,5301.66341251,6147.54,13.91
2014-12-14,5377.68999883,5404.4471722,5431.24,6.01
2014-12-15,5310.73079776,5297.37983032,5298.86,8.72
2014-12-16,5205.37280859,5179.61962593,5101.52,15.74
2014-12-17,4979.9501495,4891.1832461,4798.46,20.41
2014-12-18,4739.91567558,4711.77342996,4815.56,24.75
2014-12-19,4991.8528334,4926.59129521,4846.53,16.47
2014-12-20,5062.49058188,5367.01071405,4993.13,13.34
2014-12-21,5163.15269771,4945.39259497,5896.61,5.23
2014-12-22,5016.86489136,4966.18944678,5117.71,14.56
2014-12-23,5053.99603875,5040.44500946,5270.0,13.19
2014-12-24,5299.28264014,5268.28186945,5111.7,11.9
2014-12-26,5246.06414524,5216.73338248,5403.24,2.85
2014-12-27,5172.10874974,5078.02452989,4992.16,7.24
2014-12-28,5077.22286122,5083.71787147,5993.15,2.77
2014-12-29,4949.49261509,4940.21175078,5995.2,14.73
2014-12-30,4999.41751686,4893.98996675,4872.19,10.28
2014-12-31,4953.77880531,4925.88738362,4884.88,16.91
2015-01-01,5053.69060581,5149.76996551,5600.36,7.92
2015-01-02,4839.14947981,4772.53132461,4752.85,9.77
2015-01-03,4838.55055563,4785.18957475,4518.07,4.25
2015-01-04,4490.46231425,4307.50493532,5299.42,5.78
2015-01-05,4282.9360821,4276.36423268,4233.7,11.39
2015-01-06,4349.56700948,4361.17656973,4490.66,14.68
2015-01-08,4351.36421169,4286.80738492,4488.33,18.57
2015-01-09,4449.70813719,4460.79187367,5124.89,13.18
2015-01-11,4161.57881938,4120.4695888,4105.09,5.58
2015-01-12,4248.47152486,4278.89993094,4444.95,17.11
2015-01-13,3814.18544965,3785.66987756,3599.28,27.61
2015-01-14,2998.50953208,2879.77380449,2702.7,31.75
2015-01-15,3107.62850162,3326.48863811,3134.04,29.39
2015-01-16,3223.71224469,3219.6969528,3898.64,14.28
2015-01-17,3439.24391659,3518.43655764,3208.64,6.77
2015-01-18,3225.94648373,3754.07171318,3872.97,12.04
2015-01-19,3322.07192082,3262.4035537,3297.36,27.6
2015-01-20,3314.66363324,3312.82802963,3229.01,35.34
2015-01-21,3365.56254335,3292.53861695,3424.66,30.2
2015-01-22,3550.1196559,3559.1418547,3518.47,42.5
2015-01-23,3747.15245464,3707.46455525,3629.76,8.54
2015-01-24,3678.83715551,3706.96443097,3809.52,12.72
2015-01-25,3848.83688975,3856.44637051,3842.83,4.88
2015-01-26,4063.72729168,4041.81252922,3891.68,12.53
2015-01-27,4099.19423225,4121.2524403,4725.9,18.23
2015-01-28,3952.32724209,3899.02283394,4424.78,14.31
2015-01-29,3787.17577433,3752.78755688,3593.24,14.69
2015-01-30,3732.41142193,3750.64455248,3631.66,32.6
2015-01-31,3773.04386509,3819.68612459,4194.63,14.7
2015-02-01,3670.06084074,3789.81199289,3924.65,9.77
2015-02-02,3544.68096175,3555.06203348,3566.97,17.61
2015-02-03,3699.21672597,3615.59029889,4199.92,22.37
2015-02-04,3505.41138932,3490.63950296,3529.41,32.32
2015-02-05,3462.58144731,3394.62002466,3900.16,37.09
2015-02-06,3509.13943959,3504.86821046,3742.51,36.81
2015-02-07,3750.22583924,4130.9563627,3799.39,6.32
2015-02-08,3768.32592865,3709.70342641,3546.1,2.79
2015-02-09,3403.64927032,3406.26036437,3487.97,18.38
2015-02-10,3611.25333797,3620.06409368,3425.24,16.18
2015-02-11,3454.99914331,3441.1744247,3545.92,19.5
2015-02-12,3493.65162526,3487.8034803,3414.13,51.35
2015-02-13,3665.52176616,3666.72161901,3703.7,10.02
2015-02-14,3748.29904898,3879.44222982,3781.97,8.82
2015-02-15,4001.14986827,3905.48801094,3825.55,4.87
2015-02-16,3577.49728978,3571.55111142,3739.72,13.09
2015-02-17,3679.32234769,3690.8382867,3560.53,22.78
2015-02-18,3649.34158278,3615.65372196,3693.93,19.55
2015-02-19,3780.91720713,3773.31192219,3560.39,24.15
2015-02-20,3841.20238451,3815.9166472,3844.97,44.68
2015-02-21,3918.59760696,3776.43906676,4047.49,25.47
2015-02-22,3721.05989155,3687.96295289,3753.75,8.62
2015-02-23,3783.0516683,3766.16198547,3680.56,24.59
2015-02-24,3626.39638424,3600.2322833,3703.7,44.7
2015-02-25,3719.9608491,3718.53657811,3686.17,26.82
2015-02-26,3686.74887376,3681.28411008,3699.14,12.76
2015-02-27,3863.0528089,3960.7042738,4208.16,15.68
2015-02-28,3867.257953,3973.06417022,4450.0,12.19
2015-03-01,4048.54498769,4095.0274372,4077.25,5.2
2015-03-02,4119.75955857,4129.39192797,4430.66,11.64
2015-03-03,4311.22420497,4311.37097135,4436.16,17.94
2015-03-04,4305.57730222,4290.5300602,4034.51,27.39
2015-03-05,4249.05824598,4170.99335726,4769.48,27.5
2015-03-06,4478.95025768,4490.90086837,4548.9,4.09
2015-03-07,4338.82153656,4395.18788303,4975.12,7.01
2015-03-08,4999.06826631,4999.66240266,4436.56,8.04
2015-03-09,4600.12430984,4597.42078853,4668.53,16.5
2015-03-10,4859.73516082,4791.05254581,5235.6,9.2
2015-03-11,4764.29888536,4812.21717134,4751.5,17.77
2015-03-12,4770.9898359,4934.73633527,4855.15,15.2
2015-03-13,4813.31056301,4809.13350634,4739.34,27.7
2015-03-14,4738.77494506,4716.51282759,5235.6,26.28
2015-03-15,4396.40807143,4675.19688976,4638.22,12.54
2015-03-16,4947.45247304,4947.45247304,5239.72,9.7
2015-03-17,4664.4646754,4644.97426618,5181.35,14.23
2015-03-18,4727.75224263,4830.15639397,4552.7,23.24
2015-03-19,4298.71285266,4284.3409066,4777.07,29.67
2015-03-20,4625.63156027,4601.57320156,4950.5,9.6
2015-03-21,4228.91251307,4458.01921302,4092.49,38.61
2015-03-22,4374.45449061,4245.92006595,4801.1,11.78
2015-03-23,4807.88308056,4788.3389755,4784.69,7.4
2015-03-24,4117.20413442,4118.42988326,4699.25,32.16
2015-03-25,4369.95879216,4341.42658126,4680.0,15.28
2015-03-26,4577.31097595,4719.63960245,4830.92,13.48
2015-03-27,4086.97459104,4147.76701329,4357.3,14.69
2015-03-28,4213.10430577,4171.98357889,4038.45,9.66
2015-03-29,4236.88112769,4160.1912719,4038.83,7.92
2015-03-30,4097.17779168,4135.00338559,4024.14,14.7
2015-03-31,3959.05576052,3880.2725564,3728.73,19.99
2015-04-01,3983.43712509,3986.97199874,3956.98,14.0
2015-04-02,3831.60464628,3872.52712372,3831.42,14.89
2015-04-03,3998.59376703,3911.57468263,4008.02,9.1
2015-04-04,3988.82189972,3941.94419619,3907.01,10.23
2015-04-05,3950.3127729,3984.60337025,3998.4,6.13
2015-04-06,4352.46911609,4333.34122113,4420.0,5.27
2015-04-07,3916.15726351,3983.62971673,3810.08,20.85
2015-04-08,3986.67775201,3891.8238683,4291.85,12.48
2015-04-10,3884.50116813,3831.46139106,3861.0,21.85
2015-04-11,3834.13685748,3775.11259212,3915.43,6.37
2015-04-12,4037.59713029,4063.58932539,4301.08,7.49
2015-04-13,3760.50891419,3736.7224064,3819.71,21.09
2015-04-14,3601.28298065,3549.27655369,3309.07,19.95
2015-04-15,3481.37232397,3479.86134834,3644.52,33.85
2015-04-16,3679.05189406,3703.60939163,3748.13,33.07
2015-04-17,3622.9805842,3530.33331575,3299.97,24.76
2015-04-18,3673.83012618,3719.57121041,3703.7,9.62
2015-04-19,3713.55637865,3710.55280154,3706.45,11.37
2015-04-20,3591.73025127,3586.44277235,3668.38,14.61
2015-04-21,3718.13861279,3826.94774599,3711.95,16.98
2015-04-22,3981.5073951,4047.86615841,3994.57,8.99
2015-04-23,3955.62624809,3946.23938974,3937.01,15.98
2015-04-24,3728.68077062,3691.07299839,3924.65,17.89
2015-04-25,3762.58198542,3840.71,3840.71,9.57
2015-04-26,3850.81232719,3821.9378937,3597.12,5.45
2015-04-27,3673.30957056,3656.22998081,3989.89,13.17
2015-04-28,3750.40990585,3725.67054154,3969.57,22.42
2015-04-29,3688.23712238,3631.77339871,3617.12,23.62
2015-04-30,3668.57684156,3676.88998551,3399.94,28.08
2015-05-01,3759.10764521,3869.03091269,3900.54,5.71
2015-05-02,3856.30888944,3994.74183968,3831.42,6.02
2015-05-03,4006.38460818,4154.77875707,3949.97,4.76
2015-05-04,3819.21874276,3749.61786995,3829.07,20.62
2015-05-05,3755.60513367,3738.85710738,3970.22,36.1
2015-05-06,3926.05992636,3893.31333623,3953.2,9.9
2015-05-07,3721.88247752,3680.87521326,3927.73,20.78
2015-05-08,3873.32851106,3781.66074026,4189.94,14.65
2015-05-09,3994.85031459,4046.32324822,3962.78,16.62
2015-05-10,3729.07793486,3798.31212227,3927.22,11.22
2015-05-11,3750.34189581,3741.2933739,3958.83,12.21
2015-05-12,3979.18640913,4002.85420957,3913.89,24.11
2015-05-13,3875.48349026,3703.03241895,3961.85,76.42
2015-05-14,3740.42827068,3655.6023963,4189.94,12.97
2015-05-17,3938.97389798,3916.32174472,3737.48,5.61
2015-05-18,3793.02145262,3752.12166697,3867.97,12.48
2015-05-19,3676.85826508,3663.04848423,3879.98,50.37
2015-05-21,3904.04559284,3893.76981104,4496.4,21.24
2015-05-22,3918.91432939,3939.21085832,3952.57,12.49
2015-05-23,3951.62334207,3877.38121461,3866.16,17.12
2015-05-24,4019.2931563,3855.53786335,3890.04,1.62
2015-05-25,3751.03375416,3727.48234775,4199.92,14.62
2015-05-26,3942.43782807,3885.17085287,3992.0,16.88
2015-05-27,3811.34762937,3804.59491304,3861.83,28.49
2015-05-28,3745.83249842,3875.43977918,3951.01,16.74
2015-05-29,3883.08621922,3872.94782143,3817.09,23.12
2015-05-30,3878.88718755,3823.94661565,3910.61,10.11
2015-05-31,4064.76886384,3989.02114638,3208.6,2.96
2015-06-01,3721.74043641,3651.74515869,4050.22,25.16
2015-06-02,3906.62342473,3893.84406148,4048.58,27.19
2015-06-03,3886.1632202,3865.33388221,4049.96,14.8
2015-06-04,3794.72822732,3787.90623365,3799.75,31.34
2015-06-05,3947.00470512,3960.80965232,4101.16,7.64
2015-06-06,3944.87170425,3960.3084543,4020.1,3.96
2015-06-07,3598.3790989,3544.31173332,3858.4,9.42
2015-06-09,3913.11277703,3905.80074167,4191.11,14.57
2015-06-10,3841.01431483,3862.05570224,3888.02,22.67
2015-06-11,3649.23575596,3628.92297012,3839.26,21.94
2015-06-12,3688.48532419,3772.28047654,3926.7,10.66
2015-06-13,3834.67167499,3882.63540028,3846.15,3.14
2015-06-14,3806.58822545,3710.65040302,3573.85,7.33
2015-06-16,3918.53982578,3976.9273514,4005.34,37.84
2015-06-17,4042.67753905,4034.44640171,4098.0,9.45
2015-06-18,3994.27317437,3993.03122379,3949.97,14.2
2015-06-19,4025.71533977,4030.41807707,3991.22,10.55
2015-06-20,3791.30054214,3826.28364604,3746.02,21.76
2015-06-21,3866.48388392,3807.77184328,4180.6,7.45
2015-06-22,3797.23523762,3787.85480788,4001.59,17.33
2015-06-23,3905.22500122,3899.46682464,3897.12,13.49
2015-06-24,3854.9266797,3827.25294025,3852.39,11.56
2015-06-25,3816.54752183,3803.98422654,4048.58,10.42
2015-06-26,3891.98314487,3855.0896243,3752.66,20.59
2015-06-27,3954.80520622,4030.74788473,4040.0,13.89
2015-06-28,3960.15444467,3924.28284206,4300.15,6.5
2015-06-29,4130.64296281,4145.19099397,4500.45,53.8
2015-06-30,4244.72073948,4237.63690757,4750.59,22.36
2015-07-01,4258.80529965,4263.12605761,4266.21,32.2
2015-07-02,4168.22534897,4157.82341409,4553.73,15.93
2015-07-03,4050.39674821,3998.88493584,4208.75,19.98
2015-07-04,4133.46536661,4208.94583429,4210.53,4.64
2015-07-05,4493.93233471,4533.95173482,4433.77,4.64
2015-07-06,4475.31848296,4476.59432317,4518.5,18.88
2015-07-07,4439.46388746,4388.12933715,4462.37,19.02
2015-07-09,4445.31608109,4433.73016091,4398.83,21.02
2015-07-10,4582.68752702,4678.79617374,4759.64,9.87
2015-07-11,4825.86435139,4876.80726794,5113.64,22.69
2015-07-12,5039.46257321,5186.11838904,5208.33,12.42
2015-07-13,4800.77062902,4728.25258108,4777.83,10.75
2015-07-14,4874.65019002,4866.79013718,4854.37,22.97
2015-07-15,4752.01180281,4725.29368835,5102.04,37.53
2015-07-17,4724.52786218,4665.63724527,5098.32,16.18
2015-07-19,4763.63131336,4750.59265519,4810.0,6.62
2015-07-20,4551.51900481,4565.50538643,4665.27,17.54
2015-07-21,4568.98276107,4611.74391996,4989.6,23.55
2015-07-22,4743.06835114,4731.78634793,4824.2,18.35
2015-07-23,4760.51297233,4748.73145398,4845.43,19.71
2015-07-24,4862.73305949,4942.10659181,4950.0,23.55
2015-07-26,5108.75607236,5125.33073328,4988.36,12.44
2015-07-27,5021.86492377,4982.41765989,5016.72,14.25
2015-07-28,4940.25952838,4906.53785775,5070.09,17.85
2015-07-29,4828.29254267,4802.57236765,4774.41,20.35
2015-07-30,4764.98229779,4816.19654606,5150.21,21.7
2015-07-31,4777.56608156,4771.29121962,4842.62,25.42
2015-08-01,4786.45804684,4869.48096672,4863.81,14.79
2015-08-02,4722.28810319,4645.21533781,4901.96,15.92
2015-08-03,4901.76345013,4899.77607777,4920.05,14.84
2015-08-04,4920.99924542,4994.91359475,5249.34,21.5
2015-08-05,4882.18081878,4858.8692575,4980.08,33.1
2015-08-06,4963.89835749,4949.02055102,5000.0,15.28
2015-08-07,4923.63016371,4941.94863891,4901.96,13.11
2015-08-08,4702.49326313,4612.89101427,4468.85,17.65
2015-08-09,4600.67518047,4647.0037368,4426.48,7.71
2015-08-11,4568.82239756,4557.82015945,4889.98,25.66
2015-08-12,4772.58059558,4711.48023582,4553.73,11.61
2015-08-13,4668.20300175,4632.32291616,4930.97,19.68
2015-08-14,4498.05017334,4407.46393672,4812.32,27.08
2015-08-15,4829.12669254,4843.29730539,4960.32,12.35
2015-08-16,4691.21742772,4694.83452676,4860.27,10.11
2015-08-17,4676.44680997,4705.30445984,4799.94,19.06
2015-08-19,4316.24021109,4189.8008477,4160.0,20.71
2015-08-20,4134.73976279,4144.24635547,4300.0,19.63
2015-08-21,4171.26563794,4152.77585579,4307.95,26.82
2015-08-22,4188.8470358,4154.06619912,4220.0,14.22
2015-08-24,4092.92589091,4064.44860244,4210.53,20.36
2015-08-25,4098.1968298,4073.30780043,4249.89,29.61
2015-08-26,3946.82478314,4128.98862769,4226.54,21.46
2015-08-27,4215.43334147,4220.84774115,4359.89,22.58
2015-08-28,4241.91215884,4282.52219155,4093.75,24.55
2015-08-29,4197.02017667,4077.64546646,4405.29,8.33
2015-08-30,4145.89763977,4347.98139496,4489.94,47.26
2015-08-31,4219.0100841,4211.08828803,4254.41,20.01
2015-09-02,4164.7267241,4154.0413169,4191.62,20.82
2015-09-03,3966.74671461,3948.6483025,4310.34,23.63
2015-09-05,4115.03821175,4113.36057306,4399.86,16.07
2015-09-06,4595.43724894,4770.83705178,5134.79,5.11
2015-09-07,4307.15599846,4313.02038969,4360.47,13.66
2015-09-08,4324.77219723,4370.7352079,4409.17,23.34
2015-09-09,4187.73297398,4277.58745234,4700.35,33.09
2015-09-10,4167.86118252,4360.09478497,4313.44,19.34
2015-09-11,4129.91460089,4065.8979938,4300.05,36.75
2015-09-12,4119.65308553,4294.31752672,4283.09,18.75
2015-09-14,4046.95647261,4022.18101497,4208.15,29.8
2015-09-15,4144.3645591,4137.87493475,4022.53,28.05
2015-09-16,4047.43750137,4017.84342633,4078.3,14.0
2015-09-17,4084.96167099,4075.6807592,4226.54,20.53
2015-09-19,4081.07434723,4074.63453208,4163.78,40.2
2015-09-20,4222.48478836,4304.42831254,4100.76,2.9
2015-09-21,4052.66465691,4061.11121726,4068.35,32.78
2015-09-24,4146.96734257,4251.64663118,4084.97,38.11
2015-09-25,4210.02880739,4200.68563458,4069.34,41.95
2015-09-26,4184.64537664,4162.93321212,4264.39,25.63
2015-09-27,3999.64562492,3890.99033307,4347.83,31.26
2015-09-29,4228.93093887,4229.60449015,4160.11,65.78
2015-10-01,4172.41971579,4268.50310762,4569.69,46.09
2015-10-03,4101.65945814,4189.04673307,4279.6,33.01
2015-10-04,4355.60594503,4422.52517927,4599.82,10.85
2015-10-05,3992.23870836,3960.53732585,4175.48,26.19
2015-10-06,4171.38259822,4173.35408319,4258.94,29.86
2015-10-07,4156.51642404,4128.12544206,4306.06,26.73
2015-10-08,4146.92133296,4126.38521197,4148.23,23.17
2015-10-09,4164.41572145,4141.98987718,4162.35,25.05
2015-10-10,4249.54276917,4236.78263114,4344.05,20.15
2015-10-11,4192.93117779,4258.00876435,4374.77,11.79
2015-10-12,4177.58408648,4173.14304659,4197.71,19.9
2015-10-13,4181.85625901,4295.29850437,4345.84,27.87
2015-10-15,4285.0955886,4284.52249861,4276.0,23.21
2015-10-17,4383.7359781,4498.92888428,4613.53,19.69
2015-10-18,4590.77333175,4417.6654929,4702.19,13.27
2015-10-19,4478.35288127,4469.10416455,4198.0,14.47
2015-10-20,4476.86712286,4555.20877148,4586.95,28.21
2015-10-22,4714.47940174,4745.13499772,4794.73,20.8
2015-10-23,4648.6309354,4626.37837403,4777.83,13.5
2015-10-24,4848.75125839,4930.72347842,4960.32,15.95
2015-10-25,5017.21191586,5355.91104137,5181.35,7.01
2015-10-26,4966.5138519,4951.13362323,5119.12,10.1
2015-10-27,5031.21717684,5112.90810855,5095.64,27.24
2015-10-28,5166.79233949,5175.72547435,5172.41,15.95
2015-10-31,5593.10119014,5413.41195066,5491.49,25.68
2015-11-01,5525.15972779,5617.28665175,5665.72,6.24
2015-11-02,5967.57113199,5983.92734744,6146.28,4.8
2015-11-05,6671.35057306,6487.84405968,6726.46,15.51
2015-11-06,6640.98416777,6490.99854107,7017.54,27.07
2015-11-08,6595.62752097,6873.92453523,6763.61,5.36
2015-11-11,5749.55178459,5589.09201158,5550.05,18.19
2015-11-13,5954.70095395,5936.63117842,6042.3,15.27
2015-11-14,5955.85090241,5993.83367251,6020.47,12.37
2015-11-15,5870.44214449,5726.83271838,6550.22,6.55
2015-11-16,5744.38398678,5742.18300827,6072.87,9.18
2015-11-17,5797.47631063,5791.34611607,6067.22,16.24
2015-11-18,5969.23347394,5913.03933292,6036.79,22.6
2015-11-19,5931.5068968,5979.75835606,5780.35,21.36
2015-11-20,5641.13124196,5570.2817112,5506.61,11.13
2015-11-22,5509.51050731,5473.49899391,5870.84,10.88
2015-11-23,5501.887312,5486.12960349,5664.12,15.48
2015-11-24,5570.17887037,5517.7139941,5555.56,18.46
2015-11-25,5692.03636703,5718.98245459,5884.96,25.37
2015-11-26,5792.94586529,5828.85879147,6344.41,17.33
2015-11-27,6291.71609271,6412.46186873,6434.32,11.87
2015-11-28,6314.47961968,6376.31205833,6113.96,10.67
2015-11-29,6407.14660367,6421.25925263,6724.95,4.37
2015-11-30,6411.72231412,6389.08844407,6719.37,18.39
2015-12-01,6270.66266007,6110.42072777,6451.61,19.83
2015-12-02,6167.77565422,6127.31590625,6498.78,25.14
2015-12-03,6446.72119558,6440.80193048,6317.92,14.32
2015-12-04,6257.29874248,6193.37218087,6572.03,16.05
2015-12-05,6488.68784418,6795.92979497,6617.04,33.92
2015-12-06,6957.88747621,7159.26822516,7320.64,4.91
2015-12-09,7287.80326922,7251.60229815,6728.91,21.22
2015-12-12,7894.19322261,7755.31880092,8227.98,16.77
2015-12-14,7899.50612684,7955.73622196,8391.61,17.13
2015-12-15,8196.21062155,8228.93559906,8262.19,14.64
2015-12-16,8009.43188133,7941.5781948,8130.08,13.57
2015-12-17,8019.47452279,7951.58612152,7460.68,23.43
2015-12-21,7907.41671071,7852.40358549,8235.54,24.23
2015-12-23,7873.34169563,7837.55411528,7870.92,21.53
2015-12-24,8223.50149367,8212.15436387,8522.73,5.73
2015-12-26,7944.90299803,7943.08735399,9146.34,3.56
2015-12-27,7924.09479983,7806.19147123,8012.82,3.99
2015-12-28,7699.36728866,7656.51804815,7407.41,13.61
2015-12-29,7697.49268188,7685.08764547,8064.52,18.23
2015-12-30,7733.9500703,7628.48833167,7613.83,11.35
2016-01-02,8081.88459561,8075.13309746,8032.13,3.38
2016-01-04,7598.41548366,7543.08836641,7824.73,18.25
2016-01-05,7873.08769074,7854.76086789,7786.89,14.48
2016-01-06,7784.31550646,7746.09765215,7861.64,17.3
2016-01-07,8254.07104104,8337.19010793,8438.82,16.04
2016-01-08,8491.30400347,8451.51207309,8571.43,29.1
2016-01-09,8514.47116522,8555.57427697,8412.42,10.13
2016-01-10,8261.50181459,8132.07861576,8665.51,8.3
2016-01-11,8505.4719496,8554.5331848,8532.42,22.23
2016-01-12,8370.35026883,8333.09325078,8482.14,13.43
2016-01-13,7834.1969812,7786.66099303,8143.32,30.03
2016-01-14,7922.63586001,7965.02511628,8038.59,25.17
2016-01-15,7656.41120848,7537.48684349,7279.34,10.47
2016-01-16,7104.07456832,7052.75497372,7653.06,14.67
2016-01-17,7643.12029767,7694.47909513,7800.31,5.03
2016-01-18,7246.38550365,7208.88678371,6850.78,22.3
2016-01-19,7153.96311801,7067.7004354,7281.55,25.24
2016-01-20,7669.1585268,7923.61876404,8045.05,21.91
2016-01-21,7996.83518448,7909.59521858,8094.36,24.93
2016-01-22,7648.81471268,7588.9037954,7408.23,23.07
2016-01-23,7457.06386107,7314.58244583,7733.33,20.47
2016-01-24,7735.76033146,7757.22800361,8203.45,7.61
2016-01-25,7533.1109459,7501.02579945,7837.37,32.96
2016-01-26,7733.43579643,7738.54927824,7746.48,52.84
2016-01-27,7677.72845087,7679.24228745,7806.4,18.99
2016-01-28,7419.19266265,7332.69723009,7440.48,15.31
2016-01-29,7209.70789671,7141.08488932,7180.85,30.35
2016-01-30,7176.72332217,6996.34650223,7612.6,14.36
2016-01-31,7153.77046666,7136.5229326,7304.6,13.88
2016-02-02,7252.53951095,7213.67147939,7677.54,24.33
2016-02-03,7073.70808426,7049.02792725,7139.46,27.07
2016-02-04,7347.44340483,7387.71430924,7723.2,10.69
2016-02-05,7242.0221077,7186.28146835,7517.67,19.31
2016-02-06,7088.34680169,7095.36987604,7360.67,13.3
2016-02-07,7255.0270444,7213.68027759,7518.8,6.7
2016-02-08,7191.86217558,7259.05738183,6782.61,15.43
2016-02-09,7343.97408495,7349.29941081,7473.84,20.13
2016-02-11,7523.81273667,7550.12433316,7609.76,18.02
2016-02-12,7686.72055091,7669.68767506,7598.78,7.96
2016-02-13,7662.56223651,7632.94722365,7954.04,14.99
2016-02-14,7997.90576418,8024.77318862,8368.2,6.45
2016-02-15,8016.36430338,8037.00392222,7916.4,20.83
2016-02-17,7915.93890397,7928.1961661,7528.23,22.01
2016-02-18,7918.28970342,8071.74178388,7852.23,25.21
2016-02-19,8047.17004843,7856.28524468,7861.64,8.9
2016-02-20,8220.83017253,8279.25745572,8916.63,11.85
2016-02-21,8167.31152185,8156.5225869,8190.01,22.15
2016-02-23,7940.94630763,7964.86181996,8196.72,23.1
2016-02-24,7866.43296363,7825.64198253,8363.3,20.07
2016-02-25,7801.50664668,7810.33423349,7833.92,15.06
2016-02-26,7706.66622939,7709.87849152,7656.97,16.95
2016-02-27,7934.99036904,7932.70014813,7957.56,8.82
2016-02-28,8096.66291062,7900.08355181,7944.92,7.65
2016-02-29,7913.73602754,7898.35085474,7642.3,22.95
2016-03-01,7835.7232096,7758.78966931,8116.88,16.89
2016-03-02,7788.19558915,7810.97009156,7648.18,17.72
2016-03-03,7634.98779704,7633.89621945,7616.15,15.11
2016-03-04,7513.85216173,7474.50195132,7342.14,7.9
2016-03-05,7291.24226606,7184.55111555,7476.64,13.9
2016-03-06,7372.71466656,7379.83375095,7440.48,3.71
2016-03-07,7491.87544281,7482.78834706,7651.11,15.01
2016-03-08,7481.97250771,7477.31917606,7552.87,15.38
2016-03-09,7439.42035742,7386.07125495,7034.41,22.51
2016-03-10,7492.08693607,7495.69190861,7632.42,17.63
2016-03-11,7557.7522136,7558.016431,7174.17,16.74
2016-03-12,7536.52714287,7454.86070973,7797.27,10.61
2016-03-13,7700.99882988,7838.36851529,8130.08,4.66
2016-03-14,7683.76880781,7678.99300015,7416.63,20.74
2016-03-15,7473.87306765,7461.4927169,7751.0,32.26
2016-03-16,7794.53016969,7722.74110955,7692.31,19.17
2016-03-17,7549.830076,7553.06529239,7462.69,31.78
2016-03-18,7303.66021717,7235.33770487,7241.13,26.39
2016-03-19,7311.63172366,7236.31026377,7500.0,18.55
2016-03-20,7325.1017421,7288.35177791,7952.29,12.76
2016-03-21,7322.09456654,7402.80325374,7695.27,11.8
2016-03-22,7436.60605221,7465.64125382,7565.34,31.14
2016-03-23,7446.98411973,7431.15833945,7627.12,15.38
2016-03-24,7477.53588297,7430.51833078,7747.13,19.7
2016-03-25,7685.45271753,7643.3839165,7732.28,9.06
2016-03-26,7660.89517441,7667.02655392,8000.0,6.07
2016-03-27,8045.01517461,8215.57459099,8219.18,2.37
2016-03-28,7724.39995867,7671.68769184,8109.2,14.32
2016-03-29,7564.26507241,7446.16770489,7562.01,20.6
2016-03-30,7632.85825269,7629.29258581,7940.16,15.37
2016-03-31,7453.72840989,7433.98156075,7613.25,19.99
2016-04-01,7459.93949045,7402.3315394,7668.71,19.24
2016-04-02,7596.74147624,7710.86392953,7714.56,8.81
2016-04-03,7630.783379,7572.50851255,7704.16,8.71
2016-04-05,7480.29269796,7481.73872305,7902.02,19.22
2016-04-06,7707.46137014,7692.5904482,7776.05,23.63
2016-04-07,7853.40969174,7839.48375538,8106.19,9.95
2016-04-09,7863.83857434,7979.17579226,7824.73,8.04
2016-04-10,7850.13566169,7901.44356881,8192.24,6.22
2016-04-11,7751.91931209,7933.01664092,7936.51,10.83
2016-04-12,7800.92,7751.83,7915.23,17.9304
2016-04-13,7899.33,7860.91,7751.94,13.6445
2016-04-14,7772.53,7713.33,7814.99,17.7067
2016-04-18,7652.43,7638.84,7849.29,15.4141
2016-04-19,7674.08,7822.05,7865.17,15.7823
2016-04-20,7851.02,7918.72,8250.83,6.4786
2016-04-21,8054.04,8013.13,8150.79,9.3163
2016-04-22,8188.11,8124.49,8032.13,8.7273
2016-04-23,7415.1,7980.12,8278.15,26.6803
2016-04-24,8459.94,8491.8,8726.0,3.8307
2016-04-25,8150.82,8301.26,8525.15,12.8677
2016-04-26,8559.47,8594.55,8542.52,13.5247
2016-04-27,8242.35,8297.42,7948.2,13.2258
2016-04-28,7738.39,7662.49,8149.01,35.4575
2016-04-29,7825.44,7811.13,8003.2,27.0241
2016-04-30,8361.84,8441.6,8343.76,5.063
2016-05-01,7981.97,8431.63,8520.18,5.0799
2016-05-02,7840.88,7812.42,7884.88,24.2991
2016-05-03,7890.95,7993.2,7987.97,20.3225
2016-05-04,8000.71,7980.67,8191.13,23.4091
2016-05-05,7924.52,7885.4,8201.2,31.426
2016-05-06,8281.64,8296.37,8488.96,21.3993
2016-05-07,8235.41,8445.23,8582.22,13.9777
2016-05-08,8299.24,8250.41,8455.47,6.6919
2016-05-09,8633.71,8701.74,8764.24,13.1702
2016-05-10,8339.51,8484.3,8976.66,21.9523
2016-05-11,8385.65,8341.44,8974.36,13.8186
2016-05-12,8435.28,8423.87,8474.58,11.7833
2016-05-13,8514.18,8529.81,9174.31,18.4771
2016-05-14,8800.13,8839.87,8869.18,6.4618
2016-05-15,8743.69,8730.69,8970.1,4.3381
2016-05-16,8724.26,8708.64,8680.56,14.6268
2016-05-17,8595.71,8665.42,9074.41,17.6956
2016-05-18,8689.16,8683.83,8692.2,28.5969
2016-05-19,8616.53,8592.06,8888.89,14.3713
2016-05-20,8360.73,8184.67,8380.4,22.6085
2016-05-21,8214.59,8289.13,8095.44,25.9912
2016-05-22,8939.58,8937.04,8883.55,5.4725
2016-05-23,8723.82,8709.5,8992.81,12.621
2016-05-24,8759.98,8705.5,8671.15,15.5096
2016-05-25,8428.67,8382.43,7921.54,26.5955
2016-05-26,8677.98,8690.55,8718.4,17.5102
2016-05-27,9218.18,9315.96,9009.01,11.9718
2016-05-28,9255.38,9867.36,10204.08,10.0956
2016-05-29,10117.44,10661.62,10869.57,6.8649
2016-05-30,10436.11,10379.76,10879.42,12.1726
2016-05-31,10533.31,10602.3,10174.42,15.5763
2016-06-01,10296.98,10326.84,10937.5,15.9883
2016-06-02,10637.59,10625.6,11111.11,10.0632
2016-06-03,10282.67,10253.44,10934.94,31.86
2016-06-04,10870.96,10781.78,11070.11,20.3555
2016-06-05,11027.67,10949.45,11001.1,5.8603
2016-06-06,11455.39,11458.25,12645.42,5.9235
2016-06-07,11191.45,10888.94,10909.09,7.6401
2016-06-08,11150.26,11153.18,11111.11,10.7849
2016-06-09,10958.34,10983.68,11565.15,12.9751
2016-06-10,11163.57,11043.73,10745.76,13.2043
2016-06-11,11733.23,11810.56,11673.15,12.7074
2016-06-12,12433.11,13553.04,13192.61,7.5283
2016-06-13,13570.38,13915.51,14645.58,10.7291
2016-06-14,13637.87,13923.48,13586.96,10.6074
2016-06-15,13816.28,13746.01,13609.61,12.0279
2016-06-16,14899.93,14941.3,15873.02,17.2683
2016-06-17,15090.48,15022.46,14781.97,14.5179
2016-06-18,15192.53,16297.18,15503.88,7.3202
2016-06-19,16114.34,15224.27,15037.59,2.7143
2016-06-20,14923.23,14879.73,14513.79,6.1967
2016-06-21,13726.4,13679.4,12612.61,13.5117
2016-06-22,12539.21,12524.96,12019.23,10.6102
2016-06-23,11425.89,11436.46,11990.41,14.4623
2016-06-24,13050.18,13232.78,13012.58,18.0875
2016-06-25,13166.97,13479.85,13333.33,13.0158
2016-06-26,12985.05,12869.61,13104.84,4.9797
2016-06-27,13947.65,14241.33,13513.51,10.3183
2016-06-28,13383.22,13350.67,12925.46,11.4613
2016-06-29,13083.08,13061.61,12870.01,13.5324
2016-06-30,13510.57,13569.52,13035.38,19.8564
2016-07-01,13119.53,13674.49,12931.03,25.338
2016-07-02,13548.11,13486.17,13440.86,6.4867
2016-07-03,13655.86,13529.59,13495.28,4.4999
2016-07-04,13086.46,13075.86,12909.68,12.3669
2016-07-05,13114.59,13119.52,13280.21,13.5835
2016-07-06,13339.93,13343.12,13458.95,16.0403
2016-07-07,12730.33,12568.66,12400.11,27.8735
2016-07-08,12683.94,12600.93,13550.72,15.0308
2016-07-09,12739.2,12659.9,12442.86,11.7613
2016-07-10,12918.65,12738.49,13204.23,4.8175
2016-07-11,12249.4,12226.83,12711.86,16.9218
2016-07-12,12837.04,12811.76,12983.85,16.5034
2016-07-13,12902.95,12878.27,12992.96,26.405
2016-07-14,12672.84,12495.77,12682.31,12.9675
2016-07-15,12870.05,12851.99,12820.51,16.9304
2016-07-16,12195.4,12462.25,12515.64,8.0507
2016-07-17,13018.33,12527.29,12290.0,6.7705
2016-07-18,13055.33,13046.36,13022.53,15.8375
2016-07-19,12738.34,12691.1,13025.96,13.8251
2016-07-20,12730.78,12675.95,12995.45,15.4693
2016-07-21,12824.92,12808.09,12987.01,15.1123
2016-07-22,13031.69,12733.15,12641.96,10.3968
2016-07-23,12518.33,12691.7,12707.18,11.2287
2016-07-24,12769.16,12870.43,12987.01,5.1083
2016-07-25,12673.8,12644.98,12828.74,9.4117
2016-07-26,12886.21,12916.44,12886.6,20.502
2016-07-27,12739.23,12693.21,12987.01,9.3425
2016-07-28,12954.14,12925.81,11933.17,12.9016
2016-07-29,13001.42,12957.69,12998.27,10.6468
2016-07-30,12973.91,13063.98,13454.42,5.2457
2016-07-31,13035.57,12923.35,12765.96,3.5908
2016-08-01,12074.74,11919.87,11497.0,8.1451
2016-08-02,11649.81,11534.99,12592.59,9.4015
2016-08-03,11203.85,11153.15,12711.86,11.6097
2016-08-04,11295.29,11215.42,11379.8,11.6276
2016-08-05,11109.13,11091.84,11235.96,16.7374
2016-08-06,11198.92,11354.19,11111.11,6.2973
2016-08-07,11538.26,12165.2,11792.45,4.2851
2016-08-08,11294.35,11233.28,10977.3,8.9322
2016-08-09,11132.04,11113.67,11784.51,22.5989
2016-08-10,11213.64,11243.65,12033.69,28.5511
2016-08-11,11211.29,11158.89,11764.71,14.5247
2016-08-12,11260.99,11229.37,11363.64,12.5376
2016-08-13,11587.58,11577.41,11737.09,4.1642
2016-08-14,11501.76,11415.79,11503.07,7.5052
2016-08-15,11204.75,11191.86,10799.14,6.7865
2016-08-16,10638.48,10698.06,11570.25,15.7059
2016-08-17,10666.55,10659.24,10683.76,18.3864
2016-08-18,11055.52,11184.17,10741.14,13.8053
2016-08-19,10779.56,10782.62,10928.96,18.1977
2016-08-20,11034.66,11081.02,12853.47,6.972
2016-08-21,11263.23,11509.72,11686.14,5.7606
2016-08-22,11383.66,11345.39,12605.04,12.8358
2016-08-23,11267.47,11233.45,11013.22,16.2251
2016-08-24,10924.94,10868.25,10976.95,10.4088
2016-08-25,11133.64,11133.21,11148.27,19.0892
2016-08-26,10894.0,10985.13,11135.86,13.5923
2016-08-27,10811.52,10806.56,10653.41,7.4707
2016-08-28,11181.28,11359.72,11210.76,2.0397
2016-08-29,11065.27,11064.52,11285.85,20.5158
2016-08-30,11656.86,11657.16,11848.34,25.1174
2016-08-31,11811.31,11913.25,11380.88,27.5134
2016-09-01,11313.71,11309.1,11646.87,18.5794
2016-09-02,11091.18,11033.86,11200.0,12.51
2016-09-03,11465.52,11287.24,12191.36,5.852
2016-09-04,12160.15,12156.71,11764.71,3.9334
2016-09-05,12076.09,12081.24,12330.46,16.6879
2016-09-06,11492.19,11396.23,10989.01,10.6825
2016-09-07,11616.24,11635.57,12195.12,17.7114
2016-09-08,12064.9,12115.75,12068.97,22.134
2016-09-09,12184.95,12180.29,12500.0,13.7281
2016-09-10,12320.52,12295.81,12718.98,7.3147
2016-09-11,12390.87,12456.5,12224.94,3.0791
2016-09-12,12165.66,12153.63,11912.3,14.7257
2016-09-13,11995.9,12030.88,11538.46,19.2549
2016-09-14,12109.24,12095.07,12269.94,15.7995
2016-09-15,12076.47,12136.64,12165.45,10.3643
2016-09-16,11888.86,12146.16,13157.89,13.2445
2016-09-17,12407.64,12230.32,11500.0,6.041
2016-09-18,12436.45,12584.4,12733.45,5.0788
2016-09-19,12588.71,12570.42,12658.23,26.8068
2016-09-20,12434.66,12327.56,12605.04,15.9046
2016-09-21,12110.79,12156.16,12222.22,18.987
2016-09-22,12156.75,12155.87,11994.0,13.1184
2016-09-23,12095.99,12094.32,12195.12,13.9786
2016-09-24,12275.03,12308.9,13888.89,7.4483
2016-09-25,12308.52,12313.72,12254.9,7.852
2016-09-26,12717.18,12518.27,12437.81,11.5866
2016-09-27,12194.93,12128.76,12145.75,30.352
2016-09-28,12081.33,12065.33,11897.68,13.5943
2016-09-29,12103.26,12098.85,12145.75,11.9971
2016-09-30,12265.65,12163.29,12244.9,9.5493
2016-10-01,12077.74,11983.79,12150.67,5.3794
2016-10-02,12232.19,12316.33,12338.06,6.557
2016-10-03,12031.01,11971.56,12001.92,13.2661
2016-10-04,12137.22,12135.96,11952.19,9.5163
2016-10-05,12037.13,12216.97,12217.47,14.4188
2016-10-06,12079.26,12067.74,12165.45,24.1374
2016-10-07,12076.73,12055.4,12004.8,8.3277
2016-10-08,12233.15,12173.44,12391.57,5.4689
2016-10-09,12439.83,12563.7,12195.12,3.1963
2016-10-10,12052.0,11966.28,12106.54,16.8816
2016-10-11,12328.23,12355.2,13351.13,29.3114
2016-10-12,12869.31,12752.1,12804.1,11.7233
2016-10-13,12750.35,12666.11,12655.09,18.9478
2016-10-14,12606.85,12551.4,12847.97,14.9662
2016-10-15,13016.19,13018.92,13321.49,8.2659
2016-10-16,13181.89,13176.79,13422.82,5.8329
2016-10-17,12833.29,12800.89,12700.0,17.5909
2016-10-18,12217.18,12155.14,12503.13,17.3206
2016-10-19,12339.75,12272.24,12269.94,13.2054
2016-10-20,12188.96,12210.02,12500.0,25.7057
2016-10-21,12212.67,12241.37,12453.3,10.0636
2016-10-22,12120.94,12585.8,12562.81,11.3836
2016-10-23,12771.24,13053.45,13297.87,3.5221
2016-10-24,12941.6,12821.75,12674.27,6.4685
2016-10-25,12474.35,12711.78,12690.36,16.3658
2016-10-26,13221.86,13272.72,13075.31,20.0862
2016-10-27,13298.16,13482.85,12682.14,22.7731
2016-10-28,13576.22,13382.62,14950.17,10.4231
2016-10-29,14446.85,14120.62,14925.37,6.002
2016-10-30,14504.67,14696.29,14469.45,2.1544
2016-10-31,13757.01,13741.29,14084.51,14.082
2016-11-01,14545.41,14560.24,15384.62,20.1894
2016-11-02,14546.89,14589.22,14851.49,10.8613
2016-11-03,14503.21,14388.16,13844.02,8.9401
2016-11-04,14148.21,13967.36,14124.29,14.353
2016-11-05,13980.72,14083.05,14832.54,9.5729
2016-11-06,14106.59,14014.91,13850.42,4.5444
2016-11-08,14255.93,14200.02,14423.08,5.2254
2016-11-09,14142.28,14108.47,13888.89,17.9184
2016-11-10,14346.52,14459.03,15415.02,18.42
2016-11-11,14487.66,14464.52,16666.67,7.3277
2016-11-12,14359.73,15489.81,15634.05,16.3699
2016-11-13,15572.95,15576.62,14570.55,5.4408
2016-11-14,15327.67,15285.0,15337.42,6.3047
2016-11-15,15585.22,15585.33,14584.76,37.4968
2016-11-16,15905.53,15907.35,15560.17,25.4204
2016-11-17,16136.89,16153.68,16339.87,36.7057
2016-11-18,15907.87,16273.98,14989.29,22.5415
2016-11-19,16403.15,16398.38,16509.43,23.8178
2016-11-20,16176.11,16419.42,17006.8,7.9651
2016-11-21,16225.72,16260.09,17391.3,3.997
2016-11-22,16371.33,16304.58,16339.87,6.1092
2016-11-23,16978.09,17019.62,17391.3,31.2136
2016-11-24,16400.24,16392.01,16528.93,24.9474
2016-11-25,15924.9,16303.19,16483.52,22.0099
2016-11-26,16073.86,15968.2,15839.49,7.6114
2016-11-27,16234.15,16095.38,16393.44,3.9913
2016-11-28,16428.79,16367.25,16339.87,2.2491
2016-11-29,16026.28,15998.35,16096.58,4.7322
2016-11-30,16206.68,16235.68,16207.46,17.2876
2016-12-01,15890.87,15860.18,15264.71,12.1172
2016-12-02,16513.76,16790.81,16750.42,23.8773
2016-12-03,16269.01,16998.87,18283.55,20.6128
2016-12-04,16249.34,16068.34,16574.59,6.775
2016-12-05,16753.9,16553.69,18584.07,1.6244
2016-12-06,16219.67,16037.02,15426.15,9.3412
2016-12-07,16421.67,16414.7,16313.21,21.864
2016-12-08,16225.54,16196.51,15719.85,20.1024
2016-12-09,16487.41,16421.36,15399.0,12.6602
2016-12-10,16288.1,16294.58,17593.24,13.6768
2016-12-11,16214.9,16418.34,16260.16,12.2049
2016-12-12,16370.11,16117.36,16129.03,2.8224
2016-12-13,16280.54,16203.71,16767.27,5.7519
2016-12-14,16418.8,16442.0,18648.02,19.7967
2016-12-15,16166.23,16114.07,16620.5,15.2092
2016-12-16,16833.09,16787.88,16949.15,7.016
2016-12-17,16885.16,16874.74,16968.33,11.3674
2016-12-18,17265.1,17208.12,17647.06,6.0729
2016-12-19,17603.03,17488.28,17482.52,1.9273
2016-12-20,16982.11,16892.51,16261.03,13.0716
2016-12-21,17169.22,17065.26,17208.3,15.3471
2016-12-22,17636.61,17625.1,19521.53,23.7534
2016-12-23,18659.29,18670.22,19083.97,8.9936
2016-12-24,20374.06,20403.31,18262.0,17.4993
2016-12-25,20440.45,20352.47,20270.27,8.3275
2016-12-26,20960.39,20676.69,21666.67,1.2953
2016-12-27,20235.43,20077.67,20481.93,8.4118
2016-12-28,20098.03,20391.12,20325.2,26.8144
2016-12-29,21361.33,21424.43,25000.0,7.9187
2016-12-30,21339.92,21322.68,22237.05,7.2647
2016-12-31,21898.0,22158.48,21737.97,13.7405
2017-01-01,22526.39,22425.99,19943.02,2.4834
2017-01-02,22805.76,22698.53,22427.44,3.7497
2017-01-03,22260.79,22219.55,22364.22,7.5694
2017-01-04,22876.33,22911.06,24898.14,24.6826
2017-01-05,25968.41,26080.93,25680.53,13.5524
2017-01-06,24425.95,23946.24,25380.71,11.3809
2017-01-07,22545.23,22227.11,22522.52,7.5592
2017-01-08,20745.79,20884.16,24154.59,8.0665
2017-01-09,23022.89,23138.07,23419.2,1.4109
2017-01-10,21482.87,21500.95,22371.36,15.6423
2017-01-11,21101.95,21869.6,26490.07,19.2467
2017-01-12,20480.54,19899.24,20743.56,7.5568
2017-01-13,20231.09,20090.37,20505.99,16.4607
2017-01-14,19017.16,18987.97,20338.98,14.4427
2017-01-15,19229.01,19174.0,18335.17,7.6945
2017-01-16,19511.78,19400.1,19685.04,9.7761
2017-01-17,19683.93,19533.37,20000.0,11.5541
2017-01-18,20936.63,21081.35,23426.29,8.5047
2017-01-19,20916.83,20837.37,20889.97,10.2823
2017-01-20,20579.05,20947.83,21097.05,11.2475
2017-01-21,20480.27,20628.46,20661.16,17.8076
2017-01-22,21135.19,22106.43,22522.52,7.5414
2017-01-23,21927.92,21820.47,22580.65,3.2998
2017-01-24,20794.77,20691.57,21177.47,16.6277
2017-01-25,20658.18,20524.79,21193.09,9.9006
2017-01-26,19916.4,19851.6,18832.39,14.433
2017-01-27,20508.79,20391.16,20979.02,5.2195
2017-01-28,20624.36,20514.1,21505.38,9.0
2017-01-29,20632.24,20604.74,20833.33,5.5871
2017-01-30,20052.54,20072.92,20678.93,8.5351
2017-01-31,19960.66,19810.77,20429.01,8.3701
2017-02-01,20243.87,20537.64,20000.0,10.6252
2017-02-02,21005.37,20957.65,23636.36,13.2096
2017-02-03,21549.03,21527.93,21691.97,8.0508
2017-02-04,20970.55,20947.69,20051.96,17.4229
2017-02-05,21747.99,22219.56,22497.19,8.7156
2017-02-06,21610.06,21266.77,21990.74,3.089
2017-02-08,21917.66,22273.76,22962.11,17.6026
2017-02-09,22142.63,22152.56,25862.07,21.2758
2017-02-10,22133.23,22051.12,22139.16,26.0613
2017-02-11,20936.95,20839.61,21299.25,28.7396
2017-02-12,21738.65,22025.16,22255.19,9.8477
2017-02-13,21918.78,21877.88,21857.92,4.0348
2017-02-14,21437.14,21369.89,22072.07,15.747
2017-02-15,21382.41,21378.03,21400.02,23.0723
2017-02-16,21420.27,21412.5,21413.28,31.7437
2017-02-17,21778.76,21746.89,22058.82,17.4512
2017-02-18,22119.77,22312.41,21530.0,18.0787
2017-02-19,22962.04,23040.61,22222.22,5.2223
2017-02-20,21734.68,21593.46,22388.06,6.7085
2017-02-21,22402.93,22434.02,22408.96,6.5475
2017-02-22,23214.68,23221.94,23950.0,9.1605
2017-02-23,23431.65,23435.72,24219.14,13.0068
2017-02-24,23718.14,24154.32,25485.44,17.942
2017-02-25,25067.46,24903.52,25709.71,11.6449
2017-02-26,24675.81,24163.73,25000.0,2.778
2017-02-27,23410.8,26052.12,25083.61,6.1446
2017-02-28,24895.39,24968.82,25000.0,11.9593
2017-03-01,24749.51,24777.77,24906.6,14.4753
2017-03-02,25161.77,25093.07,26315.79,11.5789
2017-03-03,25533.0,25770.98,24915.91,12.1921
2017-03-04,26879.07,26885.72,27382.26,15.135
2017-03-05,26109.73,25793.28,26462.86,4.6631
2017-03-06,25894.79,27044.24,27777.78,7.6609
2017-03-07,26790.82,26785.08,25316.46,17.2243
2017-03-08,26774.68,26612.38,24610.34,15.3587
2017-03-10,24719.41,24659.05,25510.2,13.2779
2017-03-11,25572.66,26040.82,24271.84,18.8897
2017-03-12,26019.14,26224.1,22862.18,7.911
2017-03-13,25848.85,25807.45,26086.96,15.5345
2017-03-14,25472.46,25816.07,25608.19,14.4978
2017-03-15,24687.49,25664.02,25600.0,11.32488208
2017-03-16,25089.21,24921.33,24193.18,10.15676724
2017-03-17,22827.19,22700.54,21437.8,23.83155324
2017-03-18,22453.97,19999.9,21327.4,10.11977605
2017-03-19,20735.28,21157.88,22843.27,3.17962793
2017-03-21,21994.06,22371.62,24826.22,24.68259015
2017-03-22,20939.48,20782.63,22190.0,27.83133611
2017-03-23,20996.35,20796.87,21483.0,16.66317384
2017-03-24,20211.77,19997.25,19605.2,18.79464578
2017-03-25,18726.31,18619.78,19906.54,6.99667058
2017-03-26,18763.34,19997.94,20119.91,6.36955405
2017-03-27,20631.14,20710.0,21126.07,8.71282115
2017-03-28,20492.7,20430.12,19718.18,24.06601703
2017-03-29,20525.56,20395.48,20904.89,15.16762193
2017-03-30,20090.23,20185.67,20762.29,26.47638119
2017-03-31,20593.83,20593.38,22164.64,7.87371636
2017-04-01,20938.37,20780.47,22036.01,12.12195619
2017-04-02,21342.09,22441.36,22229.07,3.3651404
2017-04-03,22567.37,22770.5,22415.4,11.14378675
2017-04-04,22372.6,22181.45,22815.03,16.15913054
2017-04-05,22289.03,22335.43,22601.22,11.66191724
2017-04-06,23023.29,23525.19,24182.35,14.29232524
2017-04-07,22825.79,22751.13,27437.91,16.27121418
2017-04-08,22622.24,22688.25,23143.1,5.63367635
2017-04-09,23808.1,23888.66,23950.03,2.27544394
2017-04-10,22992.72,23065.17,24273.82,13.18808324
2017-04-11,23827.45,23913.29,24153.54,11.73441268
2017-04-12,23994.27,23862.23,23913.26,7.35898723
2017-04-13,23924.7,22978.1,23500.0,5.9251208
2017-04-14,23037.66,22939.2,23620.69,6.8745272
2017-04-15,23229.36,23150.26,21153.77,3.50158682
2017-04-16,23393.67,23511.33,23440.0,0.83488413
2017-04-17,22925.93,22698.37,23725.48,11.82257595
2017-04-18,23211.91,23306.37,23691.0,13.01142096
2017-04-19,23460.91,23449.36,23949.59,41.61354095
2017-04-20,24063.05,24146.29,22802.68,8.91285783
2017-04-21,24588.66,24641.02,25709.39,20.75143466
2017-04-22,24382.56,24962.67,24513.46,8.90441959
2017-04-23,24651.55,24784.17,24860.0,2.59678397
2017-04-24,24706.87,24739.75,25200.0,18.13805575
2017-04-25,25110.13,25111.65,25114.02,17.93735822
2017-04-26,25220.97,25489.45,25900.0,28.63444633
2017-04-27,25822.24,25791.49,26498.42,21.7161874
2017-04-28,26137.55,26100.51,26233.96,11.44033318
2017-04-29,26473.13,26412.02,26600.0,3.97431415
2017-04-30,27166.61,26992.39,26900.0,3.29421029
2017-05-01,27929.61,28215.06,28522.6,5.51002408
2017-05-02,29070.24,29068.79,29072.0,19.5449282
2017-05-03,29646.14,29655.0,29399.0,18.3018473
2017-05-04,31383.92,31538.93,32360.01,25.84223159
2017-05-05,31548.64,31878.06,31258.13,30.32713985
2017-05-06,31862.04,32083.62,32352.55,6.79148545
2017-05-07,31912.68,31820.79,31789.01,4.23321559
2017-05-08,32721.34,32855.25,35394.32,16.30313205
2017-05-09,35225.56,35318.63,35219.7,23.63965362
2017-05-10,36530.89,36503.39,37327.0,12.94381481
2017-05-11,38369.83,38410.36,39118.96,23.30497679
2017-05-12,36151.59,35831.38,33278.01,30.66766137
2017-05-13,36704.44,36143.58,37418.93,7.8408226
2017-05-14,37671.25,37183.52,37328.83,3.30943138
2017-05-15,35038.85,34896.49,35756.69,21.6374889
2017-05-16,36484.9,36646.95,37614.66,10.74737634
2017-05-17,36984.11,37154.59,38000.01,13.28178136
2017-05-18,39085.82,39292.94,39622.13,14.09610937
2017-05-19,39948.78,40093.22,41916.98,8.1970196
2017-05-20,42612.83,42928.19,42608.51,3.2422764
2017-05-21,42656.95,42974.6,39711.48,2.59252036
2017-05-22,46847.09,46947.7,45499.34,11.33354695
2017-05-23,47034.46,46368.8,55399.97,14.54593371
2017-05-24,52369.04,52269.63,70000.02,14.00605535
2017-05-25,56465.21,55830.62,69099.9,17.29418809
2017-05-26,50801.6,49739.25,50405.23,3.48690358
2017-05-27,45445.67,43454.96,42915.64,3.45033794
2017-05-28,47590.13,48489.96,49578.86,2.8123171
2017-05-29,50002.06,50135.63,50466.75,12.04578471
2017-05-30,46978.55,46768.62,49590.7,14.4213227
2017-05-31,49008.67,49218.23,46506.87,21.60709345
2017-06-01,45935.85,46848.68,47675.63,20.29581761
2017-06-02,47364.4,47162.67,53104.01,10.92674109
2017-06-03,49772.51,50408.44,56999.97,3.62922657
2017-06-04,50944.23,50636.59,56999.97,1.84118492
2017-06-05,51192.7,51234.1,51491.05,6.47516456
2017-06-06,54715.87,55018.18,58613.76,6.47113207
2017-06-07,54695.73,55295.22,50705.7,12.98754004
2017-06-08,51721.17,51455.39,52993.47,7.94657927
2017-06-09,52753.78,53569.16,54146.32,6.62864924
2017-06-10,53273.19,54550.29,54414.28,6.45540783
2017-06-11,55245.66,56146.42,56622.04,0.86149902
2017-06-12,52075.82,51825.7,52085.48,9.59937295
2017-06-13,53690.64,53785.74,55070.48,7.2949062
2017-06-14,52015.67,51432.95,64000.0,5.49481584
2017-06-15,47966.07,47480.74,55400.0,7.65507331
2017-06-16,49675.17,49293.33,50826.59,3.66739916
2017-06-17,49581.46,50981.34,50669.09,3.38138546
2017-06-18,49903.2,49624.77,49600.52,5.01617345
2017-06-19,49853.11,49896.18,49849.65,7.66999754
2017-06-20,51891.74,52043.13,52532.27,5.01412758
2017-06-21,50584.87,50544.12,50336.9,9.74702875
2017-06-22,51604.84,51053.13,51362.99,10.32912883
2017-06-23,50930.0,50754.22,51235.57,5.26091781
2017-06-24,49788.25,49434.8,51259.29,8.67178755
2017-06-25,49445.86,49381.88,48108.15,0.85902038
2017-06-26,46313.3,46223.9,46678.93,7.55278655
2017-06-27,46218.94,46228.3,48795.4,11.78862286
2017-06-28,49526.16,49675.12,50105.94,10.69927609
2017-06-29,45761.48,46296.17,49000.01,9.50777231
2017-06-30,49427.61,49317.85,49309.42,21.29986372
2017-07-01,47761.12,47456.73,47834.07,2.66236345
2017-07-02,45368.02,44827.31,55006.7,2.34199748
2017-07-03,50838.85,51047.33,48644.38,12.13358906
2017-07-04,51364.75,50746.73,48976.64,10.50564106
2017-07-05,48664.96,49153.53,48902.0,3.957852
2017-07-06,49264.22,49303.79,49929.49,15.07090503
2017-07-07,47954.65,47629.36,47905.98,4.30725403
2017-07-08,47961.4,48189.85,49000.01,7.93120301
2017-07-10,46120.89,46042.86,46058.22,7.83511419
2017-07-11,44814.27,44733.25,44444.44,10.43016917
2017-07-12,43645.87,43567.38,44555.81,18.2599758
2017-07-13,44574.69,44396.19,43494.15,6.89940542
2017-07-14,41170.45,40935.15,40192.38,10.34373821
2017-07-15,39068.44,38100.29,38323.66,8.95152859
2017-07-16,36095.4,35863.94,35700.0,2.65365143
2017-07-17,37430.03,37887.28,41230.54,6.06818627
2017-07-18,42278.7,42443.38,42617.01,9.30049146
2017-07-19,41686.67,41573.56,41694.14,8.38766332
2017-07-20,43886.29,44118.07,48432.01,8.15744445
2017-07-21,48216.89,48259.91,46373.0,6.3609133
2017-07-22,46826.75,46849.4,47900.0,5.84421169
2017-07-23,48217.56,48438.64,49900.0,1.75235548
2017-07-24,46922.84,46864.8,49000.0,10.02102028
2017-07-25,46025.76,45500.56,45807.26,6.06974135
2017-07-26,45387.36,45269.66,44688.6,7.27183983
2017-07-27,46793.3,46809.43,45410.79,12.27137334
2017-07-28,46934.36,47767.9,47710.44,9.27286055
2017-07-29,47800.82,47772.08,47807.23,2.76561849
2017-07-30,47186.35,47191.83,48418.6,1.50147223
2017-07-31,46925.63,46806.61,50855.78,5.8907382
2017-08-01,48308.84,47120.5,54357.5,4.19742465
2017-08-02,50396.28,50607.52,50752.48,6.14894733
2017-08-03,50552.45,50632.09,51197.63,9.02597496
2017-08-04,50811.38,50766.92,52139.66,6.59917201
2017-08-05,55703.66,56295.01,54000.0,2.65058711
2017-08-06,57288.55,57780.37,57932.1,0.82440754
2017-08-08,60152.85,60209.8,57571.55,7.45470833
2017-08-09,60085.34,59391.24,64323.12,5.0796273
2017-08-10,63810.53,64045.08,65372.94,5.76871441
2017-08-11,65305.79,65730.34,65350.81,3.92315907
2017-08-12,66402.98,70143.43,72134.46,4.75854045
2017-08-13,73865.47,73994.26,77073.9,1.90817157
2017-08-14,78146.43,78373.66,79677.78,3.00053973
2017-08-15,75707.92,75615.04,75860.96,5.5920807
2017-08-16,77896.22,78181.3,78942.55,5.61220273
2017-08-17,77944.82,78129.98,79162.77,5.6560064
2017-08-18,76899.74,76710.99,78725.53,4.85909676
2017-08-19,77570.4,76974.86,81130.57,1.35366327
2017-08-20,76914.98,77182.05,79524.02,1.0533493
2017-08-21,74289.19,73982.47,77430.05,2.41315662
2017-08-22,74787.89,74598.53,73147.22,4.25322665
2017-08-23,78683.89,79498.9,76124.99,10.56693704
2017-08-24,76213.73,77133.77,78050.0,6.47202394
2017-08-25,80040.34,80218.25,75397.75,8.41826944
2017-08-26,80998.91,80592.47,83258.84,1.81879884
2017-08-27,79492.37,79604.02,80940.13,0.79303722
2017-08-28,78557.92,78570.14,79931.02,2.61283275
2017-08-29,79937.5,79864.45,85616.19,8.69018029
2017-08-30,81699.27,81691.67,85213.72,9.02958497
2017-08-31,83613.01,83785.31,88152.95,4.98363521
2017-09-01,89647.61,89743.89,95700.01,9.52322261
2017-09-02,89510.16,86192.78,87000.01,3.04384096
2017-09-03,84910.82,84437.84,92999.9,0.82454435
2017-09-04,82910.68,82814.25,86718.2,8.94807903
2017-09-05,85847.8,85981.04,92458.87,4.40343093
2017-09-06,87067.81,86410.5,88150.26,9.78102925
2017-09-08,83468.55,83443.38,84490.0,6.58544771
2017-09-09,80722.88,80302.5,88265.15,5.00866017
2017-09-10,84830.5,83378.07,84323.0,0.80226416
2017-09-11,83574.88,83563.37,82691.7,6.05997728
2017-09-13,74789.74,74413.68,76159.75,10.96952161
2017-09-14,69923.59,69654.41,61029.3,11.03942593
2017-09-15,69046.69,69812.63,72622.46,8.38398846
2017-09-16,71265.63,71287.68,74197.58,4.01119539
2017-09-17,74479.76,75172.5,66333.31,1.55565683
2017-09-18,76232.48,76441.07,81495.61,9.52106008
2017-09-19,76260.2,77779.65,74209.77,7.21334492
2017-09-20,72516.78,72531.12,75142.21,6.94892699
2017-09-21,67559.11,67223.09,68999.99,4.00869809
2017-09-22,68543.64,68637.38,68700.0,8.28653839
2017-09-23,69745.41,70323.77,62324.09,4.64283199
2017-09-24,68789.63,68424.13,69616.42,2.0933481
2017-09-25,72043.47,72052.5,74390.37,6.27744021
2017-09-26,73892.1,73996.67,74814.09,11.51852061
2017-09-27,75345.19,75538.4,76738.96,8.60697411
2017-09-28,78259.72,78368.52,79191.61,6.21073248
2017-09-29,77413.87,77285.77,78110.0,8.32059041
2017-09-30,81645.53,82411.75,81927.12,5.11044955
2017-10-01,80708.44,79802.58,81628.32,3.34583414
2017-10-02,82910.17,82901.25,83499.99,7.42784343
2017-10-03,78541.49,78048.96,80666.43,3.67461919
2017-10-04,78225.66,77501.96,81900.08,4.30855045
2017-10-05,77294.64,77264.34,81968.24,7.35760243
2017-10-06,79814.14,79725.44,81499.99,5.28411298
2017-10-07,81528.78,81209.29,82198.31,2.43114793
2017-10-08,82371.73,81997.51,86000.01,3.05964894
2017-10-09,86537.18,86650.36,91877.48,5.44609918
2017-10-10,91615.75,92004.87,90919.09,7.24594378
2017-10-11,91165.77,91272.8,93389.08,5.69017474
2017-10-12,97973.19,98855.93,100899.98,5.0995602
2017-10-13,104108.15,107537.49,105719.98,3.72192308
2017-10-14,105908.4,105809.53,107807.8,1.60054345
2017-10-15,105149.24,104630.26,105380.83,0.98996616
2017-10-16,104343.92,104397.9,107469.22,4.0419917
2017-10-17,105933.29,105779.63,107172.05,5.37677127
2017-10-18,102259.82,102104.54,107533.82,5.35268385
2017-10-19,106796.13,107338.63,105420.92,5.59028909
2017-10-20,112181.73,113569.85,114984.53,5.10731405
2017-10-21,116425.7,115338.84,118499.98,1.66612267
2017-10-22,112848.27,112836.45,117908.71,0.74593081
2017-10-23,112497.03,112135.8,117227.8,2.96137855
2017-10-24,112680.78,112195.63,118869.88,4.62893059
2017-10-25,109116.05,109296.11,113215.32,3.25955113
2017-10-26,109764.65,109514.05,116262.16,8.38525247
2017-10-27,112415.59,111860.68,112417.22,2.34260923
2017-10-28,110364.69,110434.38,112803.16,2.60258933
2017-10-29,114437.92,115255.32,120333.8,0.64069671
2017-10-31,125001.31,125557.82,123442.43,10.0572561
2017-11-01,126893.83,127629.84,131781.3,5.8020157
2017-11-02,131046.75,133399.86,158468.33,4.923811
2017-11-03,142450.0,143121.34,146135.65,8.7169293
2017-11-04,144540.18,149064.18,148670.04,1.77461794
2017-11-05,150881.81,151999.55,151996.59,0.82026653
2017-11-06,141225.05,140813.42,130128.1,8.80485488
2017-11-07,138965.87,138873.67,140025.08,4.38334903
2017-11-08,142016.34,142410.96,140890.05,4.93280059
2017-11-09,141871.43,142127.77,130740.03,8.09191977
2017-11-11,139875.4,136621.04,138367.32,3.20858888
2017-11-12,134720.97,139357.32,137561.42,1.28591707
2017-11-13,134034.7,133914.99,135000.0,5.90700096
2017-11-14,131308.52,131909.46,133662.5,5.08952152
2017-11-15,137554.61,138294.53,141555.64,6.29056362
2017-11-16,145163.74,146668.21,150999.01,9.40783271
2017-11-17,149383.16,149145.84,150475.05,5.19946389
2017-11-18,146424.12,145909.7,150000.03,2.2801624
2017-11-19,151678.61,151869.22,148671.23,0.57928793
2017-11-20,154675.05,154743.78,157545.52,1.42069658
2017-11-21,153742.44,153728.49,155751.51,4.56266381
2017-11-22,153644.91,154127.16,147460.43,4.43640021
2017-11-23,153140.18,152804.51,155137.37,4.70547197
2017-11-24,153294.88,153289.38,154617.1,7.13748093
2017-11-25,161662.67,165286.94,168214.94,2.26062064
2017-11-26,169851.44,175573.9,181130.48,1.02247349
2017-11-27,177552.48,177787.09,187767.26,6.55549595
2017-11-28,190622.05,192433.8,194400.89,6.97069109
2017-11-29,196230.48,196643.4,194921.51,9.3340509
2017-11-30,202847.01,204079.47,178702.26,3.70571081
2017-12-01,198480.77,197851.98,207683.03,4.55326079
2017-12-03,217117.52,220441.54,234999.22,0.94535062
2017-12-04,220205.79,220701.36,226499.9,6.34925919
2017-12-05,222020.36,223450.37,232499.56,6.34868391
2017-12-06,262160.26,271411.46,289610.0,4.75515648
2017-12-07,332387.5,344504.69,372366.95,3.09689664
2017-12-08,320052.83,311468.77,341892.19,4.46601584
2017-12-09,319940.43,313175.27,305000.05,1.67800584
2017-12-10,306312.72,319157.16,295000.0,0.81390678
2017-12-11,338084.0,340740.74,350048.13,1.92288962
2017-12-12,326016.21,327890.26,306717.28,2.60457534
2017-12-13,328290.32,326824.81,352986.46,1.33332004
2017-12-14,331119.73,333010.09,333828.98,4.61971296
2017-12-15,346626.09,350358.03,359999.71,3.80858388
2017-12-16,373189.9,389104.63,401000.5,1.70944724
2017-12-17,392212.31,394841.89,372865.81,0.46985285
2017-12-18,377046.98,376880.5,382991.14,1.84354225
2017-12-19,362840.17,359141.7,325304.09,4.08953074
2017-12-20,361370.58,360688.04,370000.37,3.12290407
2017-12-21,326582.47,319730.74,325615.88,3.62384736
2017-12-22,280376.12,272455.49,269813.41,4.57702068
2017-12-23,323954.11,324012.8,366693.25,1.79925667
2017-12-24,334784.6,311994.86,335537.67,0.45545503
2017-12-25,300404.89,319992.39,347068.34,0.24837196
2017-12-26,349180.21,353315.6,315511.28,1.67276685
2017-12-27,312330.43,308971.32,307626.68,3.7672533
2017-12-29,315282.35,314014.22,281866.04,3.133319
2017-12-30,295580.75,288559.19,320437.85,1.31695103
2017-12-31,326870.68,334888.4,331579.28,0.34516708
2018-01-01,288833.09,289453.43,315678.49,0.17594937
2018-01-02,309267.54,310482.48,326862.84,2.47899596
2018-01-03,311109.29,312441.4,325999.96,2.57325951
2018-01-04,317775.39,318701.49,327000.0,2.14188721
2018-01-05,341781.36,344894.43,372000.71,2.17055633
2018-01-06,341650.63,341991.45,358828.78,2.40681367
2018-01-07,335294.0,331567.42,364999.47,0.99401414
2018-01-08,319383.9,317866.73,338063.72,2.96175586
2018-01-09,325486.2,328919.45,324959.14,2.47210992
2018-01-10,319231.26,319597.92,294152.25,3.93399055
2018-01-11,294540.59,292577.93,297720.31,4.01971166
2018-01-12,296014.85,292969.75,294875.82,3.4156578
2018-01-13,298289.85,298575.24,311650.54,1.08141981
2018-01-14,300052.92,299225.46,303188.94,0.55806835
2018-01-15,296104.71,296532.5,301999.84,3.34695484
2018-01-16,250823.5,241246.26,232599.03,5.02166327
2018-01-17,227928.75,231479.35,240000.1,6.55704469
2018-01-18,224216.16,241816.11,247671.73,9.79583087
2018-01-19,239781.16,240278.29,238543.73,5.777505
2018-01-20,233008.25,248898.81,255499.96,1.92707146
2018-01-21,241863.59,238892.81,242134.36,0.62739605
2018-01-22,216674.17,216415.37,196312.73,5.51619105
2018-01-23,218874.94,219573.64,223500.0,10.5394853
2018-01-24,216099.08,216773.38,213597.26,4.04179315
2018-01-25,218503.37,218730.54,216880.22,11.00907196
2018-01-26,213889.17,214489.8,217497.69,4.81913099
2018-01-27,214153.39,214275.63,211137.3,1.63324644
2018-01-28,221601.13,222619.54,229657.08,0.47823981
2018-01-29,219278.75,219232.78,217999.81,11.35562756
2018-01-30,205296.6,201874.64,212000.05,6.41005619
2018-01-31,191642.54,191973.83,195460.88,5.63582458
2018-02-01,181575.29,180091.32,174630.88,8.44526104
2018-02-02,172183.16,173248.01,170900.94,6.91042868
2018-02-03,174574.95,176628.72,176299.59,4.09245603
2018-02-04,170997.1,169310.35,168060.59,1.0272905
2018-02-05,139407.46,135227.62,130279.9,2.79198668
2018-02-06,138786.07,139420.88,148335.99,9.1927948
2018-02-07,161506.28,163891.34,164745.05,3.64095469
2018-02-09,168070.62,171526.95,166527.28,11.01946333
2018-02-10,166544.82,167032.11,163909.94,4.21246868
2018-02-11,163768.07,164002.16,167001.18,0.73899045
2018-02-13,165953.26,166234.24,158128.03,8.20361825
2018-02-14,175427.65,176391.84,177928.56,5.99755835
2018-02-15,188687.33,194564.57,199472.59,7.34029637
2018-02-16,192911.66,192471.45,196256.37,3.90316982
2018-02-17,197311.18,200066.27,195092.84,2.12165487
2018-02-18,206142.34,204044.37,215212.15,1.1266241
2018-02-19,212873.21,213158.38,217246.25,5.41320823
2018-02-20,219858.41,221140.34,228999.07,13.38875294
2018-02-21,209631.19,208284.78,207999.67,6.77838574
2018-02-22,195572.89,194996.58,195341.75,8.5724423
2018-02-23,194659.73,193886.42,190108.7,5.26420831
2018-02-24,189516.78,185656.91,187808.38,2.64824519
2018-02-25,184824.7,184544.15,218611.09,0.87379225
2018-02-26,194582.0,194793.77,201879.76,11.24193774
2018-02-27,202701.34,203285.11,212784.04,14.28709572
2018-02-28,202353.21,201954.53,205998.14,8.47007005
2018-03-01,204956.09,205808.24,225805.1,6.46359239
2018-03-02,206844.72,206511.7,211529.41,6.83344539
2018-03-03,211105.15,215440.62,219338.49,2.71382764
2018-03-04,213543.06,210901.37,220787.34,1.83895985
2018-03-05,219282.48,219472.75,229998.74,8.69612427
2018-03-06,208183.45,206177.05,207500.0,9.18960042
2018-03-07,200831.22,199844.36,229433.22,4.59456487
2018-03-08,182495.12,181891.49,193000.27,6.00805795
2018-03-09,174266.18,172987.65,181699.25,2.98109073
2018-03-10,177896.66,179776.32,176849.99,3.76940238
2018-03-11,181964.8,188068.05,182428.32,0.67533431
2018-03-12,177588.81,177306.74,173081.29,8.38134361
2018-03-14,163157.79,159035.39,161999.99,3.33433326
2018-03-15,159070.6,159417.65,161999.99,8.20149012
2018-03-16,163310.86,164667.1,165457.32,6.64071145
2018-03-17,154033.89,151231.93,155900.04,3.02451478
2018-03-18,148485.16,147116.2,164557.48,3.46527537
2018-03-19,157865.09,158773.43,149446.72,2.64594724
2018-03-20,168209.68,168818.53,167125.11,6.73968441
2018-03-21,169383.54,169074.12,175198.85,7.94865456
2018-03-22,163477.69,163113.38,169501.97,18.84128397
2018-03-23,163927.2,162560.35,163624.0,4.50376723
2018-03-24,164830.22,166993.39,158740.83,2.74182712
2018-03-25,164834.84,163921.4,164999.89,1.07899715
2018-03-26,149106.7,148644.74,156438.83,10.05154438
2018-03-27,150756.72,150092.37,154375.25,7.4789714
2018-03-28,148939.96,148040.77,151812.8,4.88519152
2018-03-29,141047.09,138807.38,154999.55,4.51793193
2018-03-30,130860.77,134609.84,138894.39,3.8274604
2018-03-31,136057.75,135547.58,138343.46,1.55777315
2018-04-01,131916.59,130460.46,132839.88,1.13817099
2018-04-02,132915.83,133034.59,137456.29,6.48090499
2018-04-03,135752.86,136293.3,142784.04,9.05748638
2018-04-04,133417.78,131798.17,128669.46,5.76261176
2018-04-05,125195.81,125009.65,126999.02,7.67168849
2018-04-06,120588.17,120091.17,126099.6,9.21896197
2018-04-07,126987.3,129987.42,127348.76,3.05032542
2018-04-08,128827.61,130381.43,132980.89,1.84709917
2018-04-09,124487.84,123978.52,127199.98,5.96136268
2018-04-10,127785.19,128166.98,132975.39,8.74553944
2018-04-11,128061.75,128655.45,125395.1,4.47037603
2018-04-12,137113.45,139358.02,143524.69,5.90971339
2018-04-13,145944.72,147134.23,144725.91,4.58021623
2018-04-14,147986.49,148496.03,149723.83,2.03059212
2018-04-15,150321.76,154249.13,155199.98,2.20819658
2018-04-16,146526.44,146136.43,148657.03,4.63421564
2018-04-17,145979.89,145495.07,146882.78,7.34724619
2018-04-18,146480.63,146136.0,151313.16,6.73558043
2018-04-19,152307.86,152537.04,150980.14,6.72830196
2018-04-20,159519.3,160416.88,182117.52,5.78731421
2018-04-21,164124.72,164967.78,169168.96,2.43479573
2018-04-23,162578.5,162455.58,173999.97,8.61491092
2018-04-24,178960.63,179234.06,183052.07,7.64784852
2018-04-25,173775.5,172702.72,177778.09,5.24605898
2018-04-26,171147.44,170975.95,177124.07,6.5375405
2018-04-27,174389.17,173910.3,173104.72,2.29619034
2018-04-28,173949.24,174043.2,178577.49,1.36787739
2018-04-29,171040.29,170278.39,180531.7,2.10728363
2018-04-30,174933.88,174680.09,178040.08,2.68201924
2018-05-01,171394.1,170212.82,176914.39,1.91340673
2018-05-02,171303.73,171177.95,196089.97,4.90954956
2018-05-03,178130.05,181439.47,185317.31,9.20901833
2018-05-04,181892.78,182921.29,181465.16,9.36344319
2018-05-05,183721.34,188863.76,191508.51,3.92253149
2018-05-06,185155.02,184301.92,186952.67,0.85308915
2018-05-07,177583.52,177319.14,184498.44,12.06702134
2018-05-08,177435.06,177129.64,184989.92,12.75914909
2018-05-09,182070.75,182892.12,177219.86,3.64460176
2018-05-10,178755.52,177435.19,178572.39,6.3190813
2018-05-11,172370.67,172035.59,172202.0,8.30038736
2018-05-12,170677.46,170432.39,172615.96,1.60913522
2018-05-13,178386.1,178459.59,209519.15,0.45663552
2018-05-14,173988.22,173890.36,185205.76,6.0730924
2018-05-15,173082.98,173582.24,165357.5,8.73496318
2018-05-16,169174.02,169499.36,171484.92,10.12930217
2018-05-17,167288.46,166805.47,170740.18,3.50449879
2018-05-18,167237.85,166908.1,168414.01,4.43543133
2018-05-19,172839.39,173203.52,173833.28,0.96981619
2018-05-21,168731.42,168483.42,171785.48,5.43185497
2018-05-22,166193.68,165706.32,166055.44,4.77063248
2018-05-23,158738.05,157776.15,157620.05,8.66808737
2018-05-24,154118.24,154094.91,152999.98,7.12469599
2018-05-25,154847.3,154857.2,152513.3,7.14373349
2018-05-26,153536.41,153610.69,156899.66,1.98759153
2018-05-27,151722.84,151614.67,153221.48,0.83132168
2018-05-28,147111.29,146791.45,137272.43,4.7327936
2018-05-29,151020.47,152007.23,158293.76,5.35076261
2018-05-30,148593.74,149170.5,151299.89,6.00585232
2018-05-31,156006.98,156564.55,156162.16,9.04801785
2018-06-01,155536.82,155761.73,159300.0,9.93335433
2018-06-02,160126.9,160811.17,162832.5,2.86039084
2018-06-03,160550.16,161911.48,163043.7,0.8627127
2018-06-04,158658.67,158498.62,166276.71,6.22454514
2018-06-05,159228.11,159926.53,151588.88,5.68366957
2018-06-06,159755.94,159671.74,171038.8,5.2311891
2018-06-07,160967.48,160445.2,164000.0,6.32488606
2018-06-08,158731.39,158587.06,159702.31,6.31081353
2018-06-09,156579.59,156431.71,160504.2,2.9277996
2018-06-10,149393.31,146747.92,152000.02,0.87502062
2018-06-11,147853.32,147727.35,137083.55,7.14362273
2018-06-12,144494.67,143441.49,145208.44,8.22750984
2018-06-13,136196.38,135330.1,137782.72,5.95981434
2018-06-14,133634.49,135091.83,147895.99,18.94370338
2018-06-15,140317.86,140019.64,141369.93,6.64718771
2018-06-16,135004.01,138027.13,141665.99,4.12767165
2018-06-17,137422.37,136584.64,135858.66,0.86018726
2018-06-18,140268.05,140594.78,144748.22,3.25430621
2018-06-19,141063.93,140508.91,144817.0,3.5774923
2018-06-20,141129.85,140777.13,143999.88,7.51245816
2018-06-21,140055.27,139568.31,142272.61,3.74617559
2018-06-22,130553.34,128464.4,131000.13,5.45658026
2018-06-23,126962.99,127934.56,132702.29,1.53927812
2018-06-24,125815.99,124280.5,118456.23,1.03213852
2018-06-25,129048.74,129505.48,120934.66,4.70677861
2018-06-27,124055.32,123391.11,129500.13,3.20580308
2018-06-29,122967.88,123252.54,122947.7,9.09910528
2018-06-30,127731.25,128774.59,138943.5,4.5212662
2018-07-01,128172.16,130673.61,137400.01,1.15266719
2018-07-02,132708.39,132658.91,138587.85,3.64782263
2018-07-04,133482.9,134206.35,127594.91,4.86348012
2018-07-05,128315.02,127671.14,130553.76,5.25027181
2018-07-06,131917.95,132257.63,125154.41,9.88709228
2018-07-07,127544.98,127107.02,129048.91,3.17208915
2018-07-08,130079.82,130647.12,124506.59,1.97632585
2018-07-09,129685.65,129577.84,141326.18,7.15445317
2018-07-10,124751.38,122903.39,118574.09,18.31381269
2018-07-11,124211.11,123209.81,128299.98,8.37984903
2018-07-12,120878.02,120475.88,124900.01,5.53427159
2018-07-13,121313.05,121831.78,118544.26,4.21176872
2018-07-14,120817.7,123020.77,123901.24,3.52560841
2018-07-15,122304.43,122751.56,131374.97,1.4900778
2018-07-16,127395.52,127851.59,131947.01,8.5742224
2018-07-17,135143.37,136429.73,148500.02,7.53893261
2018-07-18,140017.93,140582.16,152420.44,6.65286029
2018-07-19,142229.91,142340.66,146505.98,4.0542535
2018-07-20,144152.03,144330.43,143009.35,11.89689518
2018-07-21,145600.44,146384.99,145622.67,2.30293293
2018-07-22,143662.34,143841.99,136802.96,1.48450084
2018-07-23,147200.76,147478.56,150317.81,8.391414
2018-07-24,159783.02,161125.72,161938.79,9.81143064
2018-07-25,158038.27,158309.58,151818.17,4.88408797
2018-07-26,158250.54,158501.42,154334.47,6.74993713
2018-07-27,154204.63,156082.2,157896.69,5.25525345
2018-07-28,154746.49,159222.76,158239.47,5.72218282
2018-07-29,156636.75,156727.49,148912.05,0.93192921
2018-07-30,152865.97,153026.86,156000.76,6.90551771
2018-07-31,148149.6,147645.62,158234.64,11.36848169
2018-08-01,149399.38,150727.73,146275.86,15.55250743
2018-08-02,147264.6,147750.64,145906.8,12.36899356
2018-08-03,141659.36,141195.55,145120.22,5.90183455
2018-08-04,142775.92,139440.72,137746.96,4.94620834
2018-08-05,136108.45,135919.88,139192.52,1.42280832
2018-08-07,132959.01,132831.18,133473.01,11.92397145
2018-08-08,122123.87,121525.61,134251.25,9.79962589
2018-08-09,128215.3,128385.89,132199.98,6.62466221
2018-08-10,126717.93,126305.96,138285.17,8.83301933
2018-08-11,125478.75,126560.9,130908.9,2.17998244
2018-08-12,126389.01,125626.95,130684.11,1.05909052
2018-08-13,121293.21,121176.46,124783.97,6.61455184
2018-08-14,120294.87,119067.09,122800.04,5.52840345
2018-08-15,125019.41,125366.33,130243.83,7.72110541
2018-08-16,124711.19,124602.04,127745.36,6.62633597
2018-08-17,123114.06,124417.75,128218.9,6.90474384
2018-08-18,124475.04,125509.04,126863.3,2.28777725
2018-08-19,124651.43,127458.96,128791.4,0.92122784
2018-08-20,124588.46,124587.26,122186.87,5.33309504
2018-08-21,127229.97,127814.9,128708.96,9.94825664
2018-08-22,127642.87,124572.86,112800.24,6.93927886
2018-08-24,128044.34,128366.05,128974.84,8.8297617
2018-08-25,125793.22,126498.59,131809.27,3.60350324
2018-08-26,127259.47,125979.74,128567.34,1.58012065
2018-08-28,128623.53,131293.58,140533.09,12.42859912
2018-08-29,135570.49,135615.02,138299.87,5.52343832
2018-08-30,133290.7,132900.48,130661.3,8.89064428
2018-08-31,134709.16,134906.33,130000.0,5.95670267
2018-09-01,140151.89,141166.1,140401.56,3.56070733
2018-09-02,140349.07,140822.74,144689.53,1.66205479
2018-09-03,142175.33,142441.15,149210.08,9.34534951
2018-09-05,142933.4,142824.63,141380.32,12.26373959
2018-09-06,127808.51,126337.43,130569.1,6.96895037
2018-09-07,126553.37,124679.94,132607.7,4.61078692
2018-09-08,133077.58,126974.19,129097.5,9.89838315
2018-09-09,127604.75,128253.36,132326.77,1.87762785
2018-09-10,129515.29,129588.17,129286.36,12.78527664
2018-09-11,126470.18,126340.18,129000.02,5.1324091
2018-09-12,123468.1,123047.53,127006.06,5.15829622
2018-09-13,125314.72,125608.83,127961.78,6.21871836
2018-09-14,124845.91,122075.98,128864.11,8.41201567
2018-09-15,124715.98,124929.76,127077.07,3.70675465
2018-09-16,126580.93,127252.7,126787.71,0.82619046
2018-09-17,126394.95,126404.64,128050.86,8.75461483
2018-09-18,122466.24,122447.06,124398.97,9.78218726
2018-09-19,125022.71,124982.2,123014.73,15.13520815
2018-09-20,123970.95,123716.89,131000.0,6.26821185
2018-09-21,128343.09,128753.0,130132.02,8.59077304
2018-09-22,131130.15,128794.91,130435.54,5.79526512
2018-09-23,126970.08,127288.43,126316.85,1.38026812
2018-09-24,124909.0,125048.03,129287.18,7.97062118
2018-09-25,124279.61,124082.94,125999.97,12.50660694
2018-09-26,124382.83,124264.61,125805.15,8.19423895
2018-09-27,126600.74,126725.51,134113.1,10.98885797
2018-09-28,126959.58,127308.56,126011.23,10.79272329
2018-09-29,126791.73,125329.1,126400.0,6.41475898
2018-09-30,124416.0,125168.11,126153.04,1.30278643
2018-10-01,126246.63,126220.28,126343.03,13.92368543
2018-10-02,126306.77,125512.91,131000.05,11.10892243
2018-10-03,125613.04,126121.78,127200.11,9.76075381
2018-10-04,126683.99,125353.35,128207.59,8.11434992
2018-10-05,126314.61,125935.89,126998.93,6.08232728
2018-10-06,125617.61,126532.3,120213.97,2.86964818
2018-10-07,126843.41,127066.43,127956.73,1.33579589
2018-10-08,129469.1,129528.74,129260.59,9.41132406
2018-10-09,127969.51,127932.89,129350.0,8.66450558
2018-10-10,127574.39,127337.52,129114.01,5.43354956
2018-10-11,122404.26,121696.36,124212.87,6.63630588
2018-10-12,120512.37,120110.91,122927.14,5.72287884
2018-10-13,122803.22,122615.26,121000.0,2.29268965
2018-10-15,123579.03,123689.47,124751.45,7.34044121
2018-10-16,125645.74,125808.03,125820.03,8.86171281
2018-10-17,126049.22,125533.4,124800.01,13.44627126
2018-10-18,127390.95,125052.8,124500.01,14.84478723
2018-10-19,123865.14,124197.42,126450.07,6.25675543
2018-10-20,125763.31,125713.71,127428.14,3.30004654
2018-10-21,126168.72,126368.16,126163.86,0.73158579
2018-10-23,124201.74,124188.52,128200.0,6.30385239
2018-10-24,125335.31,125462.22,123194.65,6.73889588
2018-10-25,131492.77,131951.93,116676.83,16.14857874
2018-10-26,127819.8,123146.98,120856.24,11.90372501
2018-10-28,127193.18,127254.34,128464.37,0.96977437
2018-10-29,124499.3,124498.07,118633.21,4.79483415
2018-10-30,127116.1,127533.6,131599.99,8.21148778
2018-10-31,129240.2,128833.39,133162.97,5.42684935
2018-11-02,129374.55,128416.91,131350.02,3.80398939
2018-11-03,128200.78,129126.96,134311.12,4.19663813
2018-11-04,130842.32,131521.39,133399.97,1.22463793
2018-11-05,130215.39,130013.32,132500.06,7.71162534
2018-11-06,129273.52,129193.09,134500.0,7.77096029
2018-11-07,132107.52,132296.77,136818.16,8.00085513
2018-11-08,135105.89,132832.54,138185.17,15.41226518
2018-11-09,138021.11,132980.73,134260.63,12.60911512
2018-11-10,128984.2,133453.97,135498.25,4.62384494
2018-11-11,134295.73,125074.4,133009.15,9.10991249
2018-11-12,128955.22,128974.35,135251.65,7.98821064
2018-11-13,132463.76,131224.87,134260.88,10.08503502
2018-11-14,123843.96,122725.23,125375.92,7.34394862
2018-11-15,118144.38,118271.93,112211.53,7.97395566
2018-11-16,115953.77,115672.11,115210.5,9.51586998
2018-11-17,117209.9,117345.47,118537.15,4.28752378
2018-11-18,118335.37,118938.7,120577.2,1.74624921
2018-11-19,104068.53,103149.92,105560.31,6.8696919
2018-11-20,96468.95,95971.42,99480.95,9.47504366
2018-11-21,95286.54,95490.88,94500.01,10.8363977
2018-11-22,93227.72,92848.96,93116.37,6.08286413
2018-11-23,88908.84,88117.1,89990.37,9.53418017
2018-11-24,91139.75,91852.37,85270.03,8.21455528
2018-11-26,79749.23,79437.06,82200.0,10.51831047
2018-11-27,78095.18,77793.34,80500.0,10.15401266
2018-11-28,87717.19,90755.58,85600.0,12.38499822
2018-11-29,87640.85,87509.29,88989.99,8.83060185
2018-11-30,85336.78,84912.44,85899.98,13.69726171
2018-12-01,85617.92,87659.52,88000.0,7.92190537
2018-12-02,86397.47,86142.65,86540.65,3.18843695
2018-12-03,80361.97,79942.54,83887.97,10.24686926
2018-12-04,80632.23,80792.87,79570.95,18.45338873
2018-12-05,79652.12,78783.13,75805.76,14.91606477
2018-12-06,77939.18,77804.54,76300.05,18.58216586
2018-12-07,73951.45,71347.19,73498.88,1.48224647
2018-12-08,69613.01,69256.04,74000.0,16.76619992
2018-12-09,72796.33,72478.63,74282.62,3.1653359
2018-12-10,72286.02,72251.85,71114.66,19.90345633
2018-12-11,72185.4,69589.3,69329.89,22.03210608
2018-12-12,73209.28,70678.92,73199.01,26.12401086
2018-12-13,70415.7,70063.37,70921.99,12.86567074
2018-12-15,69854.35,67096.57,68241.68,18.30970554
2018-12-16,69016.43,71066.09,73999.96,5.24981304
2018-12-18,77482.16,79222.79,79407.48,19.19850001
2018-12-20,80163.37,83194.1,91500.01,4.74768397
2018-12-21,86738.85,88821.11,87299.9,2.63787023
2018-12-22,84109.74,83154.06,78500.79,16.68677012
2018-12-23,88980.5,87085.8,88229.05,10.13695984
2018-12-24,87722.22,87655.12,93250.82,8.53850324
2018-12-25,83821.86,83330.34,84097.92,1.06751903
2018-12-27,80741.01,,83028.81,3.09143639
2018-12-29,83350.77,,91965.12,2.99381533
2018-12-30,82095.32,,83099.86,1.0238176
2019-01-01,75357.5,77309.1,72335.14,2.33624614
2019-01-02,78780.55,79473.85,78401.31,14.9106683
2019-01-03,78792.72,80053.78,79489.99,1.4407028
2019-01-04,76936.95,81180.03,81180.03,2.73245229
2019-01-07,80927.83,84084.71,84000.0,2.28608759
2019-01-08,79471.79,78994.15,80000.0,14.13996793
2019-01-09,79708.65,79467.87,80299.0,12.23943722
2019-01-10,75131.52,73351.54,74200.12,22.20119767
2019-01-11,72804.97,72621.95,74200.0,16.87850582
2019-01-12,73294.59,73143.42,73700.01,6.62397902
2019-01-13,74324.76,74627.25,73016.0,2.80719873
2019-01-14,74195.86,74216.59,73800.0,16.8819636
2019-01-15,74987.78,75228.38,69428.41,27.6945159
2019-01-16,71836.25,72311.39,73995.69,12.17405296
2019-01-18,71198.74,70927.02,71999.99,15.10529622
2019-01-19,72593.69,73054.85,74300.0,7.61667953
2019-01-20,72270.34,71539.03,72000.01,3.68463983
2019-01-21,70185.8,69901.85,72489.98,8.9991261
2019-01-22,70174.72,69937.44,70800.01,13.51129369
2019-01-23,72291.26,72412.61,71500.01,25.75534616
2019-01-24,69610.06,69520.27,70825.14,13.6765284
2019-01-25,70187.96,69467.06,70649.97,14.87748679
2019-01-26,73309.41,71413.6,70997.06,12.23054494
2019-01-27,74681.81,70243.73,71132.28,10.97493087
2019-01-28,67763.0,67535.3,68998.02,14.69924095
2019-01-29,67028.82,67371.19,69000.0,19.71430949
2019-01-30,67337.38,68043.19,71671.74,18.0604846
2019-01-31,67163.53,66762.26,67335.95,16.58524972
2019-02-01,67248.45,67356.79,68349.1,23.4479244
2019-02-02,68067.49,67925.14,67994.25,9.01916479
2019-02-03,67480.72,67430.38,68599.91,3.27321504
2019-02-04,66588.45,66546.21,65200.0,14.65757106
2019-02-05,66754.04,66758.43,68098.0,18.44011601
2019-02-06,65557.21,65369.95,67000.01,29.56093968
2019-02-07,66810.53,66831.15,67761.51,21.62907027
2019-02-08,69927.08,71093.65,72975.0,21.33857319
2019-02-09,72357.6,72552.03,73869.06,10.4273838
2019-02-10,71975.68,71840.25,71900.0,3.01098718
2019-02-11,70960.9,70933.18,69131.37,17.60836445
2019-02-12,71550.72,71603.16,68689.1,25.48015223
2019-02-13,70422.76,70085.42,70931.54,17.54771542
2019-02-14,68467.92,68426.36,71999.94,15.70202614
2019-02-16,70374.58,70744.71,69910.49,7.93167684
2019-02-17,70810.45,70616.79,70999.87,3.19020361
2019-02-18,73927.96,74520.71,77839.0,14.84105919
2019-02-19,76464.62,76242.98,78501.72,13.82650131
2019-02-21,76863.63,76832.59,75799.0,12.6850858
2019-02-22,75854.09,75860.8,78599.21,11.94769449
2019-02-23,76214.81,77589.14,78900.03,8.53094115
2019-02-24,77619.21,75293.73,74030.01,2.13559613
2019-02-25,75141.86,75089.92,76000.0,13.83899292
2019-02-26,74941.88,74222.64,72046.16,14.93740516
2019-02-27,73886.54,73241.31,74257.02,10.5564299
2019-02-28,73592.61,73236.67,74060.24,14.92129409
2019-03-01,72995.35,73219.37,76794.78,23.10255173
2019-03-02,74816.19,74733.09,78800.0,8.74088028
2019-03-03,75623.11,75071.9,76999.96,3.97870358
2019-03-04,72352.71,72115.26,73799.0,14.07168656
2019-03-05,73511.16,73827.42,75304.23,16.12511816
2019-03-06,74630.24,74591.12,78069.45,13.47738892
2019-03-07,76572.15,76755.49,78499.98,14.28390385
2019-03-08,76805.4,76559.83,77389.0,9.33943475
2019-03-09,78765.39,79418.19,79190.02,12.60438175
2019-03-10,77157.79,77586.43,77994.0,1.9161608
2019-03-11,77573.18,77636.07,73157.76,16.11075022
2019-03-12,75924.41,75735.97,76400.03,18.08109181
2019-03-13,75560.44,75324.23,76600.0,16.58693029
2019-03-14,75720.32,75558.56,75999.39,15.19100683
2019-03-16,78337.38,78796.94,80200.0,9.3273971
2019-03-18,79556.25,78468.1,80223.01,1.73949002
2019-03-19,78167.13,78514.61,78400.01,3.97896014
2019-03-20,77046.64,76804.95,77800.0,15.45834407
2019-03-21,77192.31,76708.16,77349.99,16.84653555
2019-03-22,79022.47,79025.26,80499.99,13.55149784
2019-03-23,78524.01,78583.62,78800.0,11.05706949
2019-03-24,78659.42,78581.82,78199.97,3.84485116
2019-03-25,77233.83,77122.16,77020.01,12.82388859
2019-03-26,76179.08,75758.53,76900.0,9.74526892
2019-03-27,76601.05,76899.52,78790.01,9.8290875
2019-03-28,77867.5,77658.56,73835.33,12.34253641
2019-03-29,78015.31,78191.15,80071.89,17.37385575
2019-03-30,81337.8,81465.3,80028.49,14.83930949
2019-03-31,80869.62,79558.73,80399.94,2.58919688
2019-04-01,78848.63,78871.64,80999.99,17.00511618
2019-04-02,87722.2,90520.67,93449.49,14.02917992
2019-04-03,98732.15,99538.33,103899.96,13.93770775
2019-04-04,96650.89,96054.28,98700.12,12.96697767
2019-04-05,96549.4,96798.03,99500.04,13.83575258
2019-04-06,100413.73,101303.56,97900.01,14.6054506
2019-04-07,100556.63,101146.53,101636.95,3.99208257
2019-04-08,100340.28,100341.37,103000.01,13.38128653
2019-04-09,103270.69,103335.36,102453.42,32.39328318
2019-04-10,104048.94,104437.43,105979.02,19.91601173
2019-04-11,100430.32,99998.24,103999.97,12.08383002
2019-04-12,98572.71,98319.07,104927.51,17.18664954
2019-04-13,98710.29,98098.95,99800.04,7.46064881
2019-04-14,100552.54,100711.4,100000.0,2.56460306
2019-04-15,98606.38,98359.54,99599.61,11.42445061
2019-04-16,99270.81,100064.66,103299.99,15.01241662
2019-04-17,102380.72,101568.97,103261.25,10.82765369
2019-04-18,102777.91,102682.5,105202.21,5.66446014
2019-04-19,101954.35,100674.41,97779.22,5.04352649
2019-04-20,103757.92,103708.52,104112.66,3.01376647
2019-04-21,101662.41,101911.06,93825.23,2.99514688
2019-04-23,106999.69,107757.64,110007.82,10.35723582
2019-04-24,107536.88,106817.04,109500.0,8.18746398
2019-04-25,106976.38,106637.59,102727.91,9.27896497
2019-04-26,101605.54,101400.8,103900.0,10.79108716
2019-04-27,100819.71,102794.94,103863.28,5.50635626
2019-04-29,101498.69,101402.8,104199.95,10.63133507
2019-04-30,101436.75,101182.36,106400.0,9.35606413
2019-05-01,103693.98,103858.06,107099.98,7.00192611
2019-05-02,105615.38,105999.43,109421.16,17.19636593
2019-05-03,110466.26,111362.85,108997.33,10.06871447
2019-05-04,110531.98,109791.05,110000.03,6.63880753
2019-05-05,110405.92,110499.13,105299.99,3.46122117
2019-05-06,111722.28,111798.98,112810.01,13.7980032
2019-05-07,113952.03,114683.19,118596.47,13.05563844
2019-05-08,115911.8,115805.27,117499.98,10.02317914
2019-05-09,118565.12,118249.41,116561.04,7.22999125
2019-05-10,125610.36,125969.98,126979.33,10.18001371
2019-05-12,141701.61,140762.8,140000.0,3.00094912
2019-05-13,149851.26,152721.96,163800.16,7.58863532
2019-05-14,155428.4,156316.0,153500.0,11.15574894
2019-05-15,157759.52,157815.23,159349.85,7.05999068
2019-05-16,156808.66,156096.21,155908.46,12.78895579
2019-05-17,142338.06,140127.01,144500.03,6.84074665
2019-05-18,144283.27,144264.13,145000.01,5.70443464
2019-05-19,151639.1,155779.11,158000.07,2.48201526
2019-05-20,151506.46,150801.65,150172.7,8.09700546
2019-05-21,154649.41,154766.25,158149.94,21.25779328
2019-05-22,152614.12,152212.25,155053.66,6.39460474
2019-05-23,150705.31,150636.45,151103.56,6.75683742
2019-05-24,154584.21,155766.95,158599.88,10.28352884
2019-05-25,154536.08,154401.01,158999.36,3.8823471
2019-05-26,158675.71,160181.17,169633.6,1.58192441
2019-05-27,169992.15,170364.97,173399.98,11.5339127
2019-05-28,171079.97,170252.07,174093.7,4.80340407
2019-05-29,169338.34,168978.08,172059.99,5.49144006
2019-05-30,170407.9,170470.54,155183.03,8.62382589
2019-05-31,170219.29,170811.74,173926.96,8.1543594
2019-06-01,173165.58,172772.39,175409.43,3.7461028
2019-06-02,175350.87,175833.47,179499.64,3.48722314
2019-06-03,173388.12,172723.11,182999.52,9.61105684
2019-06-04,161538.28,159882.5,154199.98,9.67211546
2019-06-05,157467.41,157156.53,157646.0,7.08176438
2019-06-06,157336.83,157322.34,152028.13,6.62305569
2019-06-07,159395.42,160002.02,163186.71,9.6802552
2019-06-08,161274.36,161408.91,162001.04,4.70960435
2019-06-09,159276.35,158183.96,160000.0,1.69868274
2019-06-10,158229.4,158280.84,158054.74,6.94048328
2019-06-11,156399.83,155725.9,158000.07,12.01177144
2019-06-12,157500.06,157672.75,163999.81,9.15076279
2019-06-13,159560.06,159651.94,162999.19,9.50461779
2019-06-14,163435.06,163399.49,174000.46,12.26072214
2019-06-15,172871.17,174973.58,181999.86,3.85987469
2019-06-16,179611.91,180843.97,184399.95,1.74944123
2019-06-17,176960.36,176929.75,183000.0,12.58207292
2019-06-18,177767.65,175803.19,177025.77,7.19130775
2019-06-19,177016.27,176872.11,181357.28,11.45635568
2019-06-20,177412.09,177310.12,180664.38,19.8575193
2019-06-21,187909.07,188050.87,190999.98,7.51371323
2019-06-22,204333.23,207032.62,207009.34,3.36153127
2019-06-23,205959.62,205590.32,211735.21,1.694128
2019-06-24,209900.24,209653.26,221300.14,5.91039474
2019-06-25,220644.73,224524.88,233583.74,8.10416027
2019-06-27,230776.13,223428.73,221541.4,4.31304178
2019-06-28,231529.3,236724.54,253750.05,4.31695608
2019-06-29,242645.96,242634.6,247800.15,2.19583098
2019-06-30,235447.77,228515.98,208815.57,1.52378995
2019-07-01,210042.27,208643.79,217517.2,5.30364125
2019-07-02,204040.84,203331.01,214998.97,14.80078134
2019-07-03,216033.11,216685.85,216185.15,7.23002424
2019-07-04,223774.28,225465.57,215804.21,7.76822705
2019-07-05,218871.76,219115.73,228000.28,4.98503425
2019-07-06,218987.43,222549.22,212086.73,2.5697672
2019-07-07,224083.13,224731.91,215066.46,1.39323328
2019-07-08,226269.24,226153.45,241785.34,5.16327551
2019-07-09,233178.45,233150.69,242530.07,6.62758502
2019-07-10,240824.98,240252.89,238756.18,4.2856753
2019-07-11,232174.04,231289.63,232317.72,5.30244124
2019-07-12,231238.25,231461.68,233619.75,4.74572306
2019-07-13,223556.7,220995.44,224400.07,3.23796529
2019-07-14,219540.65,217086.05,225000.08,1.84596433
2019-07-15,213546.61,214424.9,217371.01,6.31960336
2019-07-16,203641.61,200194.93,194335.04,5.8830574
2019-07-17,186147.0,185570.25,200299.88,8.0110726
2019-07-18,193862.83,193951.14,197000.0,8.96053159
2019-07-20,206459.4,210439.4,214998.28,2.76525354
2019-07-21,203888.22,203098.75,208950.79,1.07058783
2019-07-22,196478.96,195854.22,205999.99,4.96677511
2019-07-23,196580.46,194496.41,201195.1,7.9870068
2019-07-24,189984.05,188584.33,192479.97,5.60699586
2019-07-25,186300.86,185611.45,187053.64,8.36654157
2019-07-26,186102.74,185719.24,194138.02,7.43101274
2019-07-27,189183.42,187725.18,190500.04,4.4809849
2019-07-28,182589.98,184189.03,189663.62,1.63649533
2019-07-29,179884.51,179431.08,187750.0,9.20722637
2019-07-30,188601.81,188864.3,180019.95,6.06903543
2019-07-31,191918.72,193203.62,197399.85,5.67453185
2019-08-02,198054.5,198048.92,203900.06,6.85032573
2019-08-04,202635.35,201362.02,212699.98,3.91937165
2019-08-05,220929.14,226396.91,229838.19,8.18926099
2019-08-06,227819.24,227089.45,227456.24,8.35329606
2019-08-09,227716.36,227832.21,231107.6,5.58193181
2019-08-10,224610.63,222516.06,228050.17,2.10592623
2019-08-11,223418.18,224101.84,233829.25,1.51822679
2019-08-12,222649.03,221882.26,229775.45,4.33704167
2019-08-13,217168.82,211804.94,218726.65,4.49070379
2019-08-14,206931.92,205470.84,209000.0,4.74320651
2019-08-15,201884.21,203075.3,214380.22,6.46750424
2019-08-16,207870.48,207932.67,213999.97,5.20243301
2019-08-17,209214.0,207021.67,209551.2,2.62036823
2019-08-19,213534.05,216148.47,220000.0,6.54104201
2019-08-20,214772.16,214226.79,219551.76,5.06762426
2019-08-21,204155.84,200194.02,204367.19,5.87094092
2019-08-22,203255.85,203152.43,207400.03,6.91080885
2019-08-23,208218.02,208339.15,214450.07,8.37999162
2019-08-24,208176.19,204542.54,209191.89,3.95509952
2019-08-25,205145.59,203730.73,206989.95,1.45604597
2019-08-26,210321.18,210478.26,211020.55,7.0501156
2019-08-27,213165.16,211674.72,211733.87,11.2636661
2019-08-28,209154.81,204212.04,208284.73,7.43245239
2019-08-29,199308.78,198847.09,200714.54,5.65622777
2019-08-30,197466.32,196380.25,200778.81,6.19791913
2019-08-31,199709.36,200006.16,202199.94,3.60386594
2019-09-01,198901.97,198086.68,190258.75,2.09869923
2019-09-02,206111.54,206604.81,216722.01,4.49932584
2019-09-03,216343.36,219360.53,221000.01,5.29366936
2019-09-04,212974.48,212617.57,217700.11,6.56145262
2019-09-05,213423.44,213462.64,212905.34,6.28858095
2019-09-06,213948.43,212521.49,198700.01,6.25490029
2019-09-07,209639.1,209190.89,214499.98,2.70539547
2019-09-08,207803.15,204351.29,209775.54,2.19625924
2019-09-09,203702.15,203678.6,207829.9,4.45904151
2019-09-10,206589.04,207126.83,206886.42,8.84093756
2019-09-11,199616.98,198578.28,213793.99,4.55094441
2019-09-12,200740.78,200490.25,205999.0,5.54211705
2019-09-13,205957.21,206236.7,202579.16,8.88319003
2019-09-14,208519.65,209727.17,209509.64,4.11893215
2019-09-15,207328.14,206950.17,213999.99,1.13146651
2019-09-16,199183.79,198068.72,206812.97,2.33750731
2019-09-17,202590.55,202191.3,205731.21,4.12367374
2019-09-18,204685.17,204141.74,206344.01,6.09555528
2019-09-19,198430.81,198666.12,208998.85,8.11915273
2019-09-20,204793.34,204667.15,202670.47,7.36432824
2019-09-21,201697.07,200776.83,201789.88,1.96223582
2019-09-23,191043.32,190482.47,197256.14,5.50007996
2019-09-25,173129.01,172516.83,171980.0,10.75171568
2019-09-26,166036.68,164166.84,164519.68,5.18043943
2019-09-27,162995.36,162269.53,164685.44,4.91563727
2019-09-28,169012.46,166954.87,162000.0,4.43918193
2019-09-29,165826.32,163320.49,169391.86,3.19570451
2019-09-30,169451.08,169905.14,169843.01,5.47979525
2019-10-01,168709.23,168707.03,172117.82,8.57208039
2019-10-02,167388.58,166293.2,169886.11,4.75997792
2019-10-03,163566.56,162031.8,166580.6,5.66782814
2019-10-04,163106.67,161936.74,166600.03,3.99160396
2019-10-05,164194.71,164033.34,165999.9,2.31594751
2019-10-06,162382.59,160130.98,162482.36,1.58052407
2019-10-07,162671.15,163517.75,160834.22,7.16834887
2019-10-08,166388.21,165847.88,170000.0,5.52593808
2019-10-09,172004.71,174173.82,174915.83,7.17877228
2019-10-11,167578.5,166843.38,167529.44,4.69612186
2019-10-12,169121.62,169547.4,166800.0,3.97159327
2019-10-13,169123.17,169536.54,159370.42,0.91611984
2019-10-14,167323.22,167799.95,162121.51,3.88560706
2019-10-15,164371.48,163357.36,170569.35,5.01449451
2019-10-16,164005.39,162553.91,159813.98,9.23879715
2019-10-17,160952.66,161264.78,159239.8,5.12965784
2019-10-18,158930.41,159319.35,158978.99,3.72002438
2019-10-19,158817.28,159616.57,158999.0,2.06786711
2019-10-20,158161.9,160262.71,143471.41,1.14696723
2019-10-22,159450.02,159746.96,159679.36,4.3554349
2019-10-24,148219.07,149444.13,152999.95,7.15631022
2019-10-25,163498.47,167772.63,175553.17,3.98407788
2019-10-26,176574.42,177865.34,181182.07,2.54773678
2019-10-27,184840.52,187620.1,190396.41,0.7358549
2019-10-28,185212.43,185036.53,189681.01,4.97483184
2019-10-29,185529.09,185696.18,194109.69,4.86640189
2019-10-30,182706.71,182049.45,173061.0,5.70166009
2019-10-31,184260.01,186332.96,174730.73,6.21769881
2019-11-01,183716.08,183925.5,188007.12,4.21895899
2019-11-02,183057.84,185381.56,187428.07,2.03341765
2019-11-03,181604.48,180604.86,184201.13,1.87994007
2019-11-04,186754.55,186792.78,189742.88,5.03222166
2019-11-05,190389.01,189531.49,182010.07,8.52595226
2019-11-06,185835.98,185334.51,187305.67,9.51432796
2019-11-08,180733.42,176528.98,205919.5,4.04100308
2019-11-09,175553.63,175412.86,176535.66,2.32749621
2019-11-10,178738.31,180686.86,180399.21,1.22749456
2019-11-11,176094.87,176026.92,179039.37,4.55869626
2019-11-12,175700.67,175971.86,177588.98,5.36590443
2019-11-13,177512.97,177036.73,220394.25,3.44065549
2019-11-14,173380.85,176745.09,181116.18,0.89297216
2019-11-15,171088.36,170802.16,172249.41,6.07459807
2019-11-17,169705.8,167416.75,172373.97,1.60139451
2019-11-18,166567.14,167483.99,167874.22,3.11692964
2019-11-19,163344.99,162955.4,163941.68,4.43322829
2019-11-20,163031.71,163905.48,164560.29,6.13840441
2019-11-21,159623.93,158668.96,150800.01,4.74064415
2019-11-22,158041.59,156369.04,156639.03,9.75367152
2019-11-23,148229.09,147943.1,146973.02,2.71689584
2019-11-24,142431.22,141601.85,141563.62,1.5665108
2019-11-25,145542.15,146610.9,149619.97,8.1802755
2019-11-26,145948.12,145270.72,148989.11,5.07656678
2019-11-27,152597.36,154017.01,157850.21,5.53125597
2019-11-28,154929.42,155737.34,155569.99,5.4302904
2019-11-29,156617.81,157256.32,160203.53,5.44200214
2019-11-30,154824.45,153336.81,156135.58,3.25706355
2019-12-01,151213.39,149610.86,153947.52,1.15235823
2019-12-02,147489.68,147823.5,150056.08,4.70711309
2019-12-03,144537.11,144096.44,149253.73,12.30292806
2019-12-04,146870.99,146742.75,140478.59,7.32045165
2019-12-06,149911.04,150558.88,151499.92,6.22133369
2019-12-07,150788.19,150610.99,153071.38,2.89751586
2019-12-08,151271.67,152582.02,153047.95,1.48013054
2019-12-09,145530.12,145298.81,146289.83,8.04840383
2019-12-10,146385.56,145321.43,139013.01,5.67093658
2019-12-11,143228.17,142438.13,146450.34,3.78495695
